ship,shipLabel,category_code,birth_year,presence,status,start_date,start_year,end_date,end_year,end_event_type,birth_date,birth_date_dt,start_date_dt,end_date_dt,duration,event,age_at_start,period_flag,category_group
http://www.example.com/myData/ACD_0001,HMS Royal Sovereign,ACD_0001,1848,http://www.example.com/myData/presence_ACD_0001_06,InOrdinary,1869-09-03,1869,1885-05,1885.0,E6_Destruction,1848-06-29,1848-06-29,1869-09-03,1885-05-01,15.657768651608487,1,21.180013689253936,WarriorEra_1860s,NewTech_SteamOrArmoured
http://www.example.com/myData/ACD_0002,HMS Prince Albert,ACD_0002,1862,http://www.example.com/myData/presence_ACD_0002_05,InOrdinary,1898,1898,1899-03-16,1899.0,E6_Destruction,1862-04-08,1862-04-08,1898-01-01,1899-03-16,1.2019164955509924,1,35.73442847364819,Other_Post_1880,NewTech_SteamOrArmoured
http://www.example.com/myData/AIF_0001,HMS Warrior,AIF_0001,1859,http://www.example.com/myData/presence_AIF_0001_10,InOrdinary,1884,1884,1902-07,1902.0,ShipConversion,1859-05-25,1859-05-25,1884-01-01,1902-07-01,18.494182067077343,0,24.605065023956193,Other_Post_1880,NewTech_SteamOrArmoured
http://www.example.com/myData/AIF_0003,HMS Defence,AIF_0003,1859,http://www.example.com/myData/presence_AIF_0003_03,InOrdinary,1872-08-02,1872,1874-02,1874.0,ShipConversion,1859-12-14,1859-12-14,1872-08-02,1874-02-01,1.5003422313483916,0,12.635181382614647,PurgeEra_1870s,NewTech_SteamOrArmoured
http://www.example.com/myData/AIF_0003,HMS Defence,AIF_0003,1859,http://www.example.com/myData/presence_AIF_0003_08,InOrdinary,1885-08,1885,1890,1890.0,ShipConversion,1859-12-14,1859-12-14,1885-08-01,1890-01-01,4.418891170431212,0,25.631759069130734,Other_Post_1880,NewTech_SteamOrArmoured
http://www.example.com/myData/AWC_0001,HMS Royal Oak,AWC_0001,1859,http://www.example.com/myData/presence_AWC_0001_05,InOrdinary,1872-01-09,1872,1885-09-30,1885.0,E6_Destruction,1859-04-08,1859-04-08,1872-01-09,1885-09-30,13.724845995893224,1,12.75564681724846,PurgeEra_1870s,NewTech_SteamOrArmoured
http://www.example.com/myData/AWC_0007,HMS Enterprise,AWC_0007,1861,http://www.example.com/myData/presence_AWC_0007_03,InOrdinary,1871-08-30,1871,1886-01-11,1886.0,E8_Acquisition,1861-03-21,1861-03-21,1871-08-30,1886-01-11,14.368240930869268,1,10.442162902121835,PurgeEra_1870s,NewTech_SteamOrArmoured
http://www.example.com/myData/PF_0002,HMS Firebrand,PF_0002,1841,http://www.example.com/myData/presence_PF_0002_05,InOrdinary,1848-10,1848,1849-10-06,1849.0,Recommissioning,1841-03-18,1841-03-18,1848-10-01,1849-10-06,1.0130047912388775,0,7.540041067761807,Other_Pre_1850,NewTech_SteamOrArmoured
http://www.example.com/myData/PF_0002,HMS Firebrand,PF_0002,1841,http://www.example.com/myData/presence_PF_0002_07,InOrdinary,1856-08-06,1856,1858-11,1858.0,,1841-03-18,1841-03-18,1856-08-06,1858-11-01,2.236824093086927,0,15.38672142368241,PreWarrior_1850s,NewTech_SteamOrArmoured
http://www.example.com/myData/PF_0002,HMS Firebrand,PF_0002,1841,http://www.example.com/myData/presence_PF_0002_09,InOrdinary,1858-11,1858,1859-04-27,1859.0,Recommissioning,1841-03-18,1841-03-18,1858-11-01,1859-04-27,0.48459958932238195,0,17.623545516769337,PreWarrior_1850s,NewTech_SteamOrArmoured
http://www.example.com/myData/PF_0003,HMS Gladiator,PF_0003,1841,http://www.example.com/myData/presence_PF_0003_07,InOrdinary,1852,1852,1854-04-03,1854.0,Recommissioning,1841-03-18,1841-03-18,1852-01-01,1854-04-03,2.2532511978097194,0,10.789869952087612,PreWarrior_1850s,NewTech_SteamOrArmoured
http://www.example.com/myData/PF_0003,HMS Gladiator,PF_0003,1841,http://www.example.com/myData/presence_PF_0003_09,InOrdinary,1857-05-22,1857,1859-06-22,1859.0,Recommissioning,1841-03-18,1841-03-18,1857-05-22,1859-06-22,2.083504449007529,0,16.177960301163587,PreWarrior_1850s,NewTech_SteamOrArmoured
http://www.example.com/myData/PF_0003,HMS Gladiator,PF_0003,1841,http://www.example.com/myData/presence_PF_0003_11,InOrdinary,1861-10-29,1861,1864-03-09,1864.0,Recommissioning,1841-03-18,1841-03-18,1861-10-29,1864-03-09,2.3600273785078714,0,20.61601642710472,WarriorEra_1860s,NewTech_SteamOrArmoured
http://www.example.com/myData/PF_0003,HMS Gladiator,PF_0003,1841,http://www.example.com/myData/presence_PF_0003_13,InOrdinary,1872-02-20,1872,1879-03,1879.0,E6_Destruction,1841-03-18,1841-03-18,1872-02-20,1879-03-01,7.025325119780972,1,30.926762491444215,PurgeEra_1870s,NewTech_SteamOrArmoured
http://www.example.com/myData/PF_0008,HMS Retribution,PF_0008,1842,http://www.example.com/myData/presence_PF_0008_10,InOrdinary,1860-12-22,1860,1864-07-15,1864.0,E6_Destruction,1842-03-26,1842-03-26,1860-12-22,1864-07-15,3.561943874058864,1,18.743326488706366,WarriorEra_1860s,NewTech_SteamOrArmoured
http://www.example.com/myData/PGV_0005,HMS Jackal,PGV_0005,1844,http://www.example.com/myData/presence_PGV_0005_03,InOrdinary,1848-04-24,1848,1850-01-26,1850.0,Recommissioning,1844-01-16,1844-01-16,1848-04-24,1850-01-26,1.757700205338809,0,4.271047227926078,Other_Pre_1850,NewTech_SteamOrArmoured
http://www.example.com/myData/PM_0007,HMS Medina,PM_0007,1839,http://www.example.com/myData/presence_PM_0007_01,InOrdinary,1840-04,1840,1848-10-19,1848.0,Recommissioning,1839-03-30,1839-03-30,1840-04-01,1848-10-19,8.550308008213552,0,1.0075290896646132,Other_Pre_1850,NewTech_SteamOrArmoured
http://www.example.com/myData/PM_0025,HMS Helicon,PM_0025,1861,http://www.example.com/myData/presence_PM_0025_04,InOrdinary,1887,1887,1888-04-01,1888.0,E13_Attribute_Assignment,1861-05-30,1861-05-30,1887-01-01,1888-04-01,1.2484599589322383,0,25.590691307323752,Other_Post_1880,NewTech_SteamOrArmoured
http://www.example.com/myData/PM_0070,HMS Montreal,PM_0070,1836,http://www.example.com/myData/presence_PM_0070_01,InOrdinary,1839-10-18,1839,1843-04-03,1843.0,Commissioning,1836,1836-01-01,1839-10-18,1843-04-03,3.457905544147844,0,3.7946611909650922,Other_Pre_1850,NewTech_SteamOrArmoured
http://www.example.com/myData/PSPV_0001,HMS Comet,PSPV_0001,1819,http://www.example.com/myData/presence_PSPV_0001_01,InOrdinary,1822-07-13,1822,1836-04-23,1836.0,Recommissioning,1819-11-10,1819-11-10,1822-07-13,1836-04-23,13.779603011635865,0,2.6721423682409307,Other_Pre_1850,NewTech_SteamOrArmoured
http://www.example.com/myData/PSPV_0005,HMS Alban,PSPV_0005,1824,http://www.example.com/myData/presence_PSPV_0005_15,InOrdinary,1858-04-03,1858,1860-05,1860.0,E6_Destruction,1824-05,1824-05-01,1858-04-03,1860-05-01,2.078028747433265,1,33.921971252566735,PreWarrior_1850s,NewTech_SteamOrArmoured
http://www.example.com/myData/PSPV_0015,HMS Salamander,PSPV_0015,1831,http://www.example.com/myData/presence_PSPV_0015_11,InOrdinary,1854-11-23,1854,1855-11-06,1855.0,Recommissioning,1831-01-12,1831-01-12,1854-11-23,1855-11-06,0.9527720739219713,0,23.863107460643395,PreWarrior_1850s,NewTech_SteamOrArmoured
http://www.example.com/myData/PSPV_0015,HMS Salamander,PSPV_0015,1831,http://www.example.com/myData/presence_PSPV_0015_17,InOrdinary,1857,1857,1863,1863.0,LargeRepair,1831-01-12,1831-01-12,1857-01-01,1863-01-01,5.9986310746064335,0,25.971252566735114,PreWarrior_1850s,NewTech_SteamOrArmoured
http://www.example.com/myData/PSPV_0015,HMS Salamander,PSPV_0015,1831,http://www.example.com/myData/presence_PSPV_0015_24,InOrdinary,1875-07-20,1875,1883-12-19,1883.0,E6_Destruction,1831-01-12,1831-01-12,1875-07-20,1883-12-19,8.41615331964408,1,44.51745379876797,PurgeEra_1870s,NewTech_SteamOrArmoured
http://www.example.com/myData/PSPV_0036,HMS Boxer,PSPV_0036,1820,http://www.example.com/myData/presence_PSPV_0036_02,InOrdinary,1837-04-01,1837,1837-06-08,1837.0,Commissioning,1820-02-17,1820-02-17,1837-04-01,1837-06-08,0.1861738535249829,0,17.11978097193703,Other_Pre_1850,NewTech_SteamOrArmoured
http://www.example.com/myData/PSPV_0044,HMS Otter,PSPV_0044,1827,http://www.example.com/myData/presence_PSPV_0044_10,InOrdinary,1858-04-08,1858,1860,1860.0,ShipConversion,1827,1827-01-01,1858-04-08,1860-01-01,1.73305954825462,0,31.266255989048595,PreWarrior_1850s,NewTech_SteamOrArmoured
http://www.example.com/myData/SBS_0002,HMS Cruizer,SBS_0002,1796,http://www.example.com/myData/presence_SBS_0002_06,InOrdinary,1813-11,1813,1819-02-03,1819.0,E6_Destruction,1796-12-19,1796-12-19,1813-11-01,1819-02-03,5.256673511293634,1,16.865160848733744,Other_Pre_1850,Sailing_Other
http://www.example.com/myData/SBS_0006,HMS Calypso,SBS_0006,1803,http://www.example.com/myData/presence_SBS_0006_03,InOrdinary,1816-07-10,1816,1821-03,1821.0,E6_Destruction,1803-10-15,1803-10-15,1816-07-10,1821-03-01,4.640657084188912,1,12.736481861738536,Other_Pre_1850,Sailing_Other
http://www.example.com/myData/SBS_0028,HMS Zenobia,SBS_0028,1806,http://www.example.com/myData/presence_SBS_0028_04,InOrdinary,1816-04-08,1816,1835-08,1835.0,E6_Destruction,1806-10-01,1806-10-01,1816-04-08,1835-08-01,19.312799452429843,1,9.519507186858316,Other_Pre_1850,Sailing_Other
http://www.example.com/myData/SBS_0033,HMS Castilian,SBS_0033,1808,http://www.example.com/myData/presence_SBS_0033_04,InOrdinary,1815-09-18,1815,1829-09,1829.0,E6_Destruction,1808-08-04,1808-08-04,1815-09-18,1829-09-01,13.95482546201232,1,7.121149897330596,Other_Pre_1850,Sailing_Other
http://www.example.com/myData/SBS_0040,HMS Echo,SBS_0040,1808,http://www.example.com/myData/presence_SBS_0040_03,InOrdinary,1815,1815,1817-05,1817.0,E6_Destruction,1808-11-21,1808-11-21,1815-01-01,1817-05-01,2.329911019849418,1,6.11088295687885,Other_Pre_1850,Sailing_Other
http://www.example.com/myData/SBS_0051,HMS Satellite,SBS_0051,1811,http://www.example.com/myData/presence_SBS_0051_03,InOrdinary,1817,1817,1820-10-14,1820.0,Recommissioning,1811-10-05,1811-10-05,1817-01-01,1820-10-14,3.783709787816564,0,5.242984257357974,Other_Pre_1850,Sailing_Other
http://www.example.com/myData/SBS_0058,HMS Jaseur,SBS_0058,1812,http://www.example.com/myData/presence_SBS_0058_03,InOrdinary,1816-07,1816,1820-12,1820.0,VerySmallRepair,1812-05-06,1812-05-06,1816-07-01,1820-12-01,4.418891170431212,0,4.153319644079398,Other_Pre_1850,Sailing_Other
http://www.example.com/myData/SBS_0059,HMS Argus,SBS_0059,1812,http://www.example.com/myData/presence_SBS_0059_01,InOrdinary,1813-10-10,1813,1821-06,1821.0,FittingForSea,1812-06-08,1812-06-08,1813-10-10,1821-06-01,7.641341546885695,0,1.3388090349075976,Other_Pre_1850,Sailing_Other
http://www.example.com/myData/SBS_0077,HMS Sheldrake,SBS_0077,1805,http://www.example.com/myData/presence_SBS_0077_03,InOrdinary,1815-08-12,1815,1817-03-06,1817.0,E8_Acquisition,1805-08-30,1805-08-30,1815-08-12,1817-03-06,1.566050650239562,1,9.949349760438055,Other_Pre_1850,Sailing_Other
http://www.example.com/myData/SBS_0092,HMS Badger,SBS_0092,1807,http://www.example.com/myData/presence_SBS_0092_03,InOrdinary,1816-08,1816,1820-01,1820.0,ShipRepair,1807-12-31,1807-12-31,1816-08-01,1820-01-01,3.4168377823408624,0,8.58590006844627,Other_Pre_1850,Sailing_Other
http://www.example.com/myData/SBS_0092,HMS Badger,SBS_0092,1807,http://www.example.com/myData/presence_SBS_0092_05,InOrdinary,1820-01,1820,1825-12,1825.0,FittingForSea,1807-12-31,1807-12-31,1820-01-01,1825-12-01,5.916495550992471,0,12.002737850787133,Other_Pre_1850,Sailing_Other
http://www.example.com/myData/SBS_0096,HMS Goldfinch,SBS_0096,1807,http://www.example.com/myData/presence_SBS_0096_05,InOrdinary,1819-04,1819,1824-06,1824.0,ShipConversion,1807-12-31,1807-12-31,1819-04-01,1824-06-01,5.169062286105407,0,11.249828884325805,Other_Pre_1850,Sailing_Other
http://www.example.com/myData/SBS_0130,HMS Contest,SBS_0130,1811,http://www.example.com/myData/presence_SBS_0130_03,InOrdinary,1815-08-30,1815,1826-03-27,1826.0,Recommissioning,1811-11-16,1811-11-16,1815-08-30,1826-03-27,10.573579739904176,0,3.786447638603696,Other_Pre_1850,Sailing_Other
http://www.example.com/myData/SBS_0135,HMS Swinger,SBS_0135,1811,http://www.example.com/myData/presence_SBS_0135_06,InOrdinary,1820,1820,1823-06-20,1823.0,Recommissioning,1811-11-16,1811-11-16,1820-01-01,1823-06-20,3.46611909650924,0,8.125941136208077,Other_Pre_1850,Sailing_Other
http://www.example.com/myData/SBS_0137,HMS Griper,SBS_0137,1812,http://www.example.com/myData/presence_SBS_0137_17,InOrdinary,1862-11,1862,1868-11-11,1868.0,E6_Destruction,1812-11-02,1812-11-02,1862-11-01,1868-11-11,6.028747433264887,1,49.9958932238193,WarriorEra_1860s,Sailing_Other
http://www.example.com/myData/SBS_0156,HMS Britomart,SBS_0156,1818,http://www.example.com/myData/presence_SBS_0156_09,InOrdinary,1837-08,1837,1838-12,1838.0,Recommissioning,1818-11-02,1818-11-02,1837-08-01,1838-12-01,1.3333333333333333,0,18.746064339493497,Other_Pre_1850,Sailing_Other
http://www.example.com/myData/SBS_0161,HMS Kingfisher,SBS_0161,1818,http://www.example.com/myData/presence_SBS_0161_02,InOrdinary,1830-04-06,1830,1838-08-16,1838.0,E8_Acquisition,1818-11-02,1818-11-02,1830-04-06,1838-08-16,8.361396303901437,1,11.425051334702259,Other_Pre_1850,Sailing_Other
http://www.example.com/myData/SBS_0200,HMS Curlew,SBS_0200,1824,http://www.example.com/myData/presence_SBS_0200_10,InOrdinary,1847,1847,1849-08,1849.0,E6_Destruction,1824-12-07,1824-12-07,1847-01-01,1849-08-01,2.5817932922655715,1,22.067077344284737,Other_Pre_1850,Sailing_Other
http://www.example.com/myData/SBS_0216,HMS Spy,SBS_0216,1837,http://www.example.com/myData/presence_SBS_0216_05,InOrdinary,1844-08,1844,1845-03-15,1845.0,Recommissioning,1837-02-20,1837-02-20,1844-08-01,1845-03-15,0.6187542778918549,0,7.444216290212183,Other_Pre_1850,Sailing_Other
http://www.example.com/myData/SBS_0233,HMS Express,SBS_0233,1834,http://www.example.com/myData/presence_SBS_0233_06,InOrdinary,1856-09-20,1856,1862-01-11,1862.0,E6_Destruction,1834-07-29,1834-07-29,1856-09-20,1862-01-11,5.308692676249144,1,22.146475017111566,PreWarrior_1850s,Sailing_Other
http://www.example.com/myData/SBS_0237,HMS Crane,SBS_0237,1837,http://www.example.com/myData/presence_SBS_0237_05,InOrdinary,1855-04-25,1855,1862-01-11,1862.0,E6_Destruction,1837-02-20,1837-02-20,1855-04-25,1862-01-11,6.715947980835044,1,18.17385352498289,PreWarrior_1850s,Sailing_Other
http://www.example.com/myData/SBS_0255,HMS Despatch,SBS_0255,1839,http://www.example.com/myData/presence_SBS_0255_01,InOrdinary,1851-12-24,1851,1863-05-25,1863.0,ShipConversion,1839-05-24,1839-05-24,1851-12-24,1863-05-25,11.416837782340862,0,12.58590006844627,PreWarrior_1850s,Sailing_Other
http://www.example.com/myData/SBS_0257,HMS Kangaroo (ex-Dove),SBS_0257,1839,http://www.example.com/myData/presence_SBS_0257_01,InOrdinary,1853-02-28,1853,1863-05-25,1863.0,ShipConversion,1839-05-24,1839-05-24,1853-02-28,1863-05-25,10.234086242299794,0,13.768651608487337,PreWarrior_1850s,Sailing_Other
http://www.example.com/myData/SBS_0271,HMS Kingfisher,SBS_0271,1843,http://www.example.com/myData/presence_SBS_0271_05,InOrdinary,1851-02-26,1851,1875,1875.0,Recommissioning,1843-07-10,1843-07-10,1851-02-26,1875-01-01,23.8466803559206,0,7.6331279945242985,PreWarrior_1850s,Sailing_Other
http://www.example.com/myData/SC6_0028,HMS Termagant,SC6_0028,1795,http://www.example.com/myData/presence_SC6_0028_03,InOrdinary,1807-04,1807,1808-02,1808.0,MiddlingRepair,1795-01-24,1795-01-24,1807-04-01,1808-02-01,0.837782340862423,0,12.180698151950718,Other_Pre_1850,NewTech_SteamOrArmoured
http://www.example.com/myData/SC6_0028,HMS Termagant,SC6_0028,1795,http://www.example.com/myData/presence_SC6_0028_06,InOrdinary,1816-10,1816,1819-02-03,1819.0,E8_Acquisition,1795-01-24,1795-01-24,1816-10-01,1819-02-03,2.3408624229979464,1,21.683778234086244,Other_Pre_1850,NewTech_SteamOrArmoured
http://www.example.com/myData/SC6_0037,HMS Mersey,SC6_0037,1813,http://www.example.com/myData/presence_SC6_0037_01,InOrdinary,1814-04-13,1814,1818-05,1818.0,MiddlingRepair,1813-01-18,1813-01-18,1814-04-13,1818-05-01,4.049281314168378,0,1.2320328542094456,Other_Pre_1850,NewTech_SteamOrArmoured
http://www.example.com/myData/SC6_0042,HMS Towey,SC6_0042,1813,http://www.example.com/myData/presence_SC6_0042_02,InOrdinary,1814-05-08,1814,1814-09,1814.0,FittingForSea,1813-01-18,1813-01-18,1814-05-08,1814-09-01,0.31759069130732376,0,1.3004791238877482,Other_Pre_1850,NewTech_SteamOrArmoured
http://www.example.com/myData/SC6_0042,HMS Towey,SC6_0042,1813,http://www.example.com/myData/presence_SC6_0042_05,InOrdinary,1819-04,1819,1822-11-11,1822.0,E6_Destruction,1813-01-18,1813-01-18,1819-04-01,1822-11-11,3.6139630390143735,1,6.198494182067077,Other_Pre_1850,NewTech_SteamOrArmoured
http://www.example.com/myData/SC6_0055,HMS Alligator,SC6_0055,1819,http://www.example.com/myData/presence_SC6_0055_08,InOrdinary,1835-08-27,1835,1837-07-12,1837.0,Recommissioning,1819-06-05,1819-06-05,1835-08-27,1837-07-12,1.8754277891854894,0,16.227241615331966,Other_Pre_1850,NewTech_SteamOrArmoured
http://www.example.com/myData/SC6_0057,HMS Samarang,SC6_0057,1819,http://www.example.com/myData/presence_SC6_0057_02,InOrdinary,1822-07,1822,1824-02,1824.0,FittingForSea,1819-06-05,1819-06-05,1822-07-01,1824-02-01,1.5879534565366187,0,3.0718685831622174,Other_Pre_1850,NewTech_SteamOrArmoured
http://www.example.com/myData/SC6_0057,HMS Samarang,SC6_0057,1819,http://www.example.com/myData/presence_SC6_0057_11,InOrdinary,1841-08,1841,1841-12,1841.0,Refit,1819-06-05,1819-06-05,1841-08-01,1841-12-01,0.33401779603011633,0,22.157426420260094,Other_Pre_1850,NewTech_SteamOrArmoured
http://www.example.com/myData/SC6_0057,HMS Samarang,SC6_0057,1819,http://www.example.com/myData/presence_SC6_0057_17,InOrdinary,1880,1880,1883-10,1883.0,E8_Acquisition,1819-06-05,1819-06-05,1880-01-01,1883-10-01,3.7481177275838466,1,60.57494866529774,Other_Post_1880,NewTech_SteamOrArmoured
http://www.example.com/myData/SC6_0064,HMS Conway,SC6_0064,1825,http://www.example.com/myData/presence_SC6_0064_03,InOrdinary,1835-10,1835,1859-02,1859.0,ShipConversion,1825-06-09,1825-06-09,1835-10-01,1859-02-01,23.33744010951403,0,10.310746064339494,Other_Pre_1850,NewTech_SteamOrArmoured
http://www.example.com/myData/SC6_0070,HMS Andromache,SC6_0070,1830,http://www.example.com/myData/presence_SC6_0070_08,InOrdinary,1848-09,1848,1854-08,1854.0,Fitting,1830-10-29,1830-10-29,1848-09-01,1854-08-01,5.9137577002053385,0,17.842573579739906,Other_Pre_1850,NewTech_SteamOrArmoured
http://www.example.com/myData/SC6_0081,HMS Creole,SC6_0081,1837,http://www.example.com/myData/presence_SC6_0081_03,InOrdinary,1856-10,1856,1870-02-10,1870.0,,1837-02-20,1837-02-20,1856-10-01,1870-02-10,13.360711841204655,0,19.61122518822724,PreWarrior_1850s,NewTech_SteamOrArmoured
http://www.example.com/myData/SC6_0084,HMS Eurydice,SC6_0084,1841,http://www.example.com/myData/presence_SC6_0084_04,InOrdinary,1850-12,1850,1854-04,1854.0,FittingForSea,1841-08-27,1841-08-27,1850-12-01,1854-04-01,3.3319644079397674,0,9.262149212867898,PreWarrior_1850s,NewTech_SteamOrArmoured
http://www.example.com/myData/SC6_0084,HMS Eurydice,SC6_0084,1841,http://www.example.com/myData/presence_SC6_0084_07,InOrdinary,1857-06-12,1857,1861-06,1861.0,ShipConversion,1841-08-27,1841-08-27,1857-06-12,1861-06-01,3.969883641341547,0,15.791923340177961,PreWarrior_1850s,NewTech_SteamOrArmoured
http://www.example.com/myData/SC6_0093,HMS Dauntless,SC6_0093,1845,http://www.example.com/myData/presence_SC6_0093_08,InOrdinary,1878,1878,1885-05-01,1885.0,E8_Acquisition,1845-02-12,1845-02-12,1878-01-01,1885-05-01,7.329226557152635,1,32.884325804243666,PurgeEra_1870s,NewTech_SteamOrArmoured
http://www.example.com/myData/SC6_0102,HMS Satellite,SC6_0102,1853,http://www.example.com/myData/presence_SC6_0102_07,InOrdinary,1870-12-01,1870,1879-12-25,1879.0,E6_Destruction,1853-04-02,1853-04-02,1870-12-01,1879-12-25,9.065023956194388,1,17.66461327857632,PurgeEra_1870s,NewTech_SteamOrArmoured
http://www.example.com/myData/SC6_0118,HMS Thunder,SC6_0118,1854,http://www.example.com/myData/presence_SC6_0118_03,InOrdinary,1856-05-08,1856,1870,1870.0,,1854-10-04,1854-10-04,1856-05-08,1870-01-01,13.650924024640657,0,1.593429158110883,PreWarrior_1850s,NewTech_SteamOrArmoured
http://www.example.com/myData/SC6_0118,HMS Thunder,SC6_0118,1854,http://www.example.com/myData/presence_SC6_0118_04,InOrdinary,1870,1870,1874-06,1874.0,E6_Destruction,1854-10-04,1854-10-04,1870-01-01,1874-06-01,4.413415468856948,1,15.24435318275154,PurgeEra_1870s,NewTech_SteamOrArmoured
http://www.example.com/myData/SCGVG_0004,HMS Minx,SCGVG_0004,1845,http://www.example.com/myData/presence_SCGVG_0004_03,InOrdinary,1847-06,1847,1849-01,1849.0,ReEngining,1845-05-22,1845-05-22,1847-06-01,1849-01-01,1.5879534565366187,0,2.026009582477755,Other_Pre_1850,NewTech_SteamOrArmoured
http://www.example.com/myData/SCGVG_0004,HMS Minx,SCGVG_0004,1845,http://www.example.com/myData/presence_SCGVG_0004_05,InOrdinary,1849-01,1849,1854-02,1854.0,FittingForSea,1845-05-22,1845-05-22,1849-01-01,1854-02-01,5.084188911704312,0,3.6139630390143735,Other_Pre_1850,NewTech_SteamOrArmoured
http://www.example.com/myData/SCGVG_0028,HMS Intrepid,SCGVG_0028,1855,http://www.example.com/myData/presence_SCGVG_0028_03,InOrdinary,1857-09-25,1857,1859-05-04,1859.0,Recommissioning,1855-05-15,1855-05-15,1857-09-25,1859-05-04,1.6043805612594113,0,2.3655030800821355,PreWarrior_1850s,NewTech_SteamOrArmoured
http://www.example.com/myData/SCGVG_0036,HMS Pandora,SCGVG_0036,1859,http://www.example.com/myData/presence_SCGVG_0036_05,InOrdinary,1872-07,1872,1875-01-13,1875.0,E8_Acquisition,1859-04-08,1859-04-08,1872-07-01,1875-01-13,2.535249828884326,1,13.232032854209445,PurgeEra_1870s,NewTech_SteamOrArmoured
http://www.example.com/myData/SCGVG_0049,HMS Newport,SCGVG_0049,1860,http://www.example.com/myData/presence_SCGVG_0049_03,InOrdinary,1871-06-08,1871,1881-05,1881.0,E6_Destruction,1860-03-05,1860-03-05,1871-06-08,1881-05-01,9.897330595482547,1,11.2580424366872,PurgeEra_1870s,NewTech_SteamOrArmoured
http://www.example.com/myData/SCGVG_0050,HMS Jaseur,SCGVG_0050,1860,http://www.example.com/myData/presence_SCGVG_0050_05,InOrdinary,1871-06,1871,1874-12,1874.0,E8_Acquisition,1860-03-05,1860-03-05,1871-06-01,1874-12-01,3.5017111567419574,1,11.238877481177276,PurgeEra_1870s,NewTech_SteamOrArmoured
http://www.example.com/myData/SCGVG_0087,HMS Whiting,SCGVG_0087,1855,http://www.example.com/myData/presence_SCGVG_0087_04,InOrdinary,1857-03-10,1857,1861,1861.0,Refit,1855-04-18,1855-04-18,1857-03-10,1861-01-01,3.813826146475017,0,1.894592744695414,PreWarrior_1850s,NewTech_SteamOrArmoured
http://www.example.com/myData/SCGVG_0087,HMS Whiting,SCGVG_0087,1855,http://www.example.com/myData/presence_SCGVG_0087_06,InOrdinary,1861,1861,1866-03,1866.0,Recommissioning,1855-04-18,1855-04-18,1861-01-01,1866-03-01,5.160848733744011,0,5.708418891170431,WarriorEra_1860s,NewTech_SteamOrArmoured
http://www.example.com/myData/SCGVG_0114,HMS Procris,SCGVG_0114,1855,http://www.example.com/myData/presence_SCGVG_0114_02,InOrdinary,1856-06-14,1856,1861-03-09,1861.0,Recommissioning,1855-07-26,1855-07-26,1856-06-14,1861-03-09,4.733744010951403,0,0.8870636550308009,PreWarrior_1850s,NewTech_SteamOrArmoured
http://www.example.com/myData/SCGVG_0119,HMS Forester,SCGVG_0119,1855,http://www.example.com/myData/presence_SCGVG_0119_03,InOrdinary,1863,1863,1866-04-16,1866.0,Recommissioning,1855-07-26,1855-07-26,1863-01-01,1866-04-16,3.2881587953456535,0,7.436002737850787,WarriorEra_1860s,NewTech_SteamOrArmoured
http://www.example.com/myData/SCGVG_0166,HMS Rainbow,SCGVG_0166,1855,http://www.example.com/myData/presence_SCGVG_0166_03,InOrdinary,1856-07-19,1856,1860-05,1860.0,Recommissioning,1855-10-08,1855-10-08,1856-07-19,1860-05-01,3.783709787816564,0,0.7802874743326489,PreWarrior_1850s,NewTech_SteamOrArmoured
http://www.example.com/myData/SCGVG_0166,HMS Rainbow,SCGVG_0166,1855,http://www.example.com/myData/presence_SCGVG_0166_05,InOrdinary,1864-03,1864,1868-07,1868.0,Recommissioning,1855-10-08,1855-10-08,1864-03-01,1868-07-01,4.334017796030117,0,8.396988364134154,WarriorEra_1860s,NewTech_SteamOrArmoured
http://www.example.com/myData/SCGVG_0166,HMS Rainbow,SCGVG_0166,1855,http://www.example.com/myData/presence_SCGVG_0166_07,InOrdinary,1872-04,1872,1874,1874.0,ShipConversion,1855-10-08,1855-10-08,1872-04-01,1874-01-01,1.7522245037645447,0,16.48186173853525,PurgeEra_1870s,NewTech_SteamOrArmoured
http://www.example.com/myData/SCGVG_0167,HMS Raven,SCGVG_0167,1855,http://www.example.com/myData/presence_SCGVG_0167_03,InOrdinary,1857-02-16,1857,1860-06,1860.0,,1855-10-08,1855-10-08,1857-02-16,1860-06-01,3.2881587953456535,0,1.3607118412046544,PreWarrior_1850s,NewTech_SteamOrArmoured
http://www.example.com/myData/SCGVG_0167,HMS Raven,SCGVG_0167,1855,http://www.example.com/myData/presence_SCGVG_0167_04,InOrdinary,1860-06,1860,1862-02,1862.0,,1855-10-08,1855-10-08,1860-06-01,1862-02-01,1.6700889801505818,0,4.648870636550308,WarriorEra_1860s,NewTech_SteamOrArmoured
http://www.example.com/myData/SCGVG_0167,HMS Raven,SCGVG_0167,1855,http://www.example.com/myData/presence_SCGVG_0167_07,InOrdinary,1870-08,1870,1875-04-13,1875.0,E6_Destruction,1855-10-08,1855-10-08,1870-08-01,1875-04-13,4.698151950718686,1,14.8145106091718,PurgeEra_1870s,NewTech_SteamOrArmoured
http://www.example.com/myData/SCGVG_0168,HMS Redbreast,SCGVG_0168,1855,http://www.example.com/myData/presence_SCGVG_0168_04,InOrdinary,1857-02-27,1857,1864-09-24,1864.0,E6_Destruction,1855-10-08,1855-10-08,1857-02-27,1864-09-24,7.572895277207392,1,1.3908281998631074,PreWarrior_1850s,NewTech_SteamOrArmoured
http://www.example.com/myData/SCGVG_0173,HMS Highlander,SCGVG_0173,1855,http://www.example.com/myData/presence_SCGVG_0173_02,InOrdinary,1857-01-31,1857,1861-12,1861.0,,1855-10-08,1855-10-08,1857-01-31,1861-12-01,4.832306639288158,0,1.3169062286105406,PreWarrior_1850s,NewTech_SteamOrArmoured
http://www.example.com/myData/SCGVG_0173,HMS Highlander,SCGVG_0173,1855,http://www.example.com/myData/presence_SCGVG_0173_03,InOrdinary,1861-12,1861,1862-01,1862.0,,1855-10-08,1855-10-08,1861-12-01,1862-01-01,0.08487337440109514,0,6.1492128678987,WarriorEra_1860s,NewTech_SteamOrArmoured
http://www.example.com/myData/SCGVG_0207,HMS Hunter,SCGVG_0207,1855,http://www.example.com/myData/presence_SCGVG_0207_02,InOrdinary,1857-02-13,1857,1865,1865.0,,1855-12-31,1855-12-31,1857-02-13,1865-01-01,7.882272416153319,0,1.1225188227241616,PreWarrior_1850s,NewTech_SteamOrArmoured
http://www.example.com/myData/SCGVG_0207,HMS Hunter,SCGVG_0207,1855,http://www.example.com/myData/presence_SCGVG_0207_03,InOrdinary,1865,1865,1884,1884.0,E8_Acquisition,1855-12-31,1855-12-31,1865-01-01,1884-01-01,18.99794661190965,1,9.00479123887748,WarriorEra_1860s,NewTech_SteamOrArmoured
http://www.example.com/myData/SCSL_0004,HMS Niger,SCSL_0004,1845,http://www.example.com/myData/presence_SCSL_0004_05,InOrdinary,1861-09-13,1861,1865-02-03,1865.0,Recommissioning,1845-02-20,1845-02-20,1861-09-13,1865-02-03,3.3921971252566734,0,16.56125941136208,WarriorEra_1860s,NewTech_SteamOrArmoured
http://www.example.com/myData/SCSL_0004,HMS Niger,SCSL_0004,1845,http://www.example.com/myData/presence_SCSL_0004_07,InOrdinary,1868-12-09,1868,1869-12-02,1869.0,E6_Destruction,1845-02-20,1845-02-20,1868-12-09,1869-12-02,0.9801505817932923,1,23.800136892539356,WarriorEra_1860s,NewTech_SteamOrArmoured
http://www.example.com/myData/SCSL_0023,HMS Lyra,SCSL_0023,1854,http://www.example.com/myData/presence_SCSL_0023_06,InOrdinary,1868,1868,1876,1876.0,E6_Destruction,1854-07-08,1854-07-08,1868-01-01,1876-01-01,8.0,1,13.483915126625599,WarriorEra_1860s,NewTech_SteamOrArmoured
http://www.example.com/myData/SCSL_0027,HMS Icarus,SCSL_0027,1855,http://www.example.com/myData/presence_SCSL_0027_05,InOrdinary,1871-12-05,1871,1875-01-23,1875.0,E6_Destruction,1855-02-03,1855-02-03,1871-12-05,1875-01-23,3.134839151266256,1,16.83504449007529,PurgeEra_1870s,NewTech_SteamOrArmoured
http://www.example.com/myData/SCSL_0030,HMS Cameleon,SCSL_0030,1854,http://www.example.com/myData/presence_SCSL_0030_07,InOrdinary,1875-06-10,1875,1883,1883.0,E8_Acquisition,1854-04-03,1854-04-03,1875-06-10,1883-01-01,7.561943874058864,1,21.1854893908282,PurgeEra_1870s,NewTech_SteamOrArmoured
http://www.example.com/myData/SCS_0003,HMS Surly,SCS_0003,1806,http://www.example.com/myData/presence_SCS_0003_05,InOrdinary,1826-05,1826,1830-07-22,1830.0,Recommissioning,1806-03-29,1806-03-29,1826-05-01,1830-07-22,4.224503764544832,0,20.09034907597536,Other_Pre_1850,NewTech_SteamOrArmoured
http://www.example.com/myData/SCS_0003,HMS Surly,SCS_0003,1806,http://www.example.com/myData/presence_SCS_0003_07,InOrdinary,1831-06,1831,1832-12,1832.0,ShipConversion,1806-03-29,1806-03-29,1831-06-01,1832-12-01,1.5030800821355237,0,25.17453798767967,Other_Pre_1850,NewTech_SteamOrArmoured
http://www.example.com/myData/SCS_0008,HMS Algerine,SCS_0008,1805,http://www.example.com/myData/presence_SCS_0008_01,InOrdinary,1808-06-29,1808,1811-10,1811.0,Commissioning,1805,1805-01-01,1808-06-29,1811-10-01,3.2553045859000687,0,3.490759753593429,Other_Pre_1850,NewTech_SteamOrArmoured
http://www.example.com/myData/SCS_0009,Sealark,SCS_0009,1811,http://www.example.com/myData/presence_SCS_0009_01,InOrdinary,1811-12-29,1811,1812-08,1812.0,Commissioning,1811,1811-01-01,1811-12-29,1812-08-01,0.5913757700205339,0,0.9911019849418207,Other_Pre_1850,NewTech_SteamOrArmoured
http://www.example.com/myData/SCS_0011,HMS Telegraph,SCS_0011,1812,http://www.example.com/myData/presence_SCS_0011_01,InOrdinary,1813-01-01,1813,1813-08-31,1813.0,Commissioning,1812,1812-01-01,1813-01-01,1813-08-31,0.6625598904859685,0,1.002053388090349,Other_Pre_1850,NewTech_SteamOrArmoured
http://www.example.com/myData/SF5_0018,HMS Hydra,SF5_0018,1795,http://www.example.com/myData/presence_SF5_0018_06,InOrdinary,1810-09,1810,1813-05,1813.0,Fitting,1795-04-30,1795-04-30,1810-09-01,1813-05-01,2.6639288158795345,0,15.33744010951403,Other_Pre_1850,Sailing_FrigateCorvette
http://www.example.com/myData/SF5_0018,HMS Hydra,SF5_0018,1795,http://www.example.com/myData/presence_SF5_0018_09,InOrdinary,1817-11,1817,1820-01-13,1820.0,E8_Acquisition,1795-04-30,1795-04-30,1817-11-01,1820-01-13,2.198494182067077,1,22.50513347022587,Other_Pre_1850,Sailing_FrigateCorvette
http://www.example.com/myData/SF5_0019,HMS Amazon,SF5_0019,1796,http://www.example.com/myData/presence_SF5_0019_04,InOrdinary,1811-12,1811,1817-05,1817.0,E6_Destruction,1796-04-27,1796-04-27,1811-12-01,1817-05-01,5.415468856947296,1,15.592060232717317,Other_Pre_1850,Sailing_FrigateCorvette
http://www.example.com/myData/SF5_0021,HMS Lavinia,SF5_0021,1797,http://www.example.com/myData/presence_SF5_0021_03,InOrdinary,1813-02,1813,1815-02,1815.0,ShipRepair,1797-02-15,1797-02-15,1813-02-01,1815-02-01,1.998631074606434,0,15.958932238193018,Other_Pre_1850,Sailing_FrigateCorvette
http://www.example.com/myData/SF5_0021,HMS Lavinia,SF5_0021,1797,http://www.example.com/myData/presence_SF5_0021_05,InOrdinary,1815-02,1815,1836-04,1836.0,ShipConversion,1797-02-15,1797-02-15,1815-02-01,1836-04-01,21.163586584531142,0,17.95756331279945,Other_Pre_1850,Sailing_FrigateCorvette
http://www.example.com/myData/SF5_0026,HMS Forte,SF5_0026,1809,http://www.example.com/myData/presence_SF5_0026_01,InOrdinary,1814-09-05,1814,1817-05,1817.0,SmallRepair,1809-09-15,1809-09-15,1814-09-05,1817-05-01,2.652977412731006,0,4.971937029431896,Other_Pre_1850,Sailing_FrigateCorvette
http://www.example.com/myData/SF5_0026,HMS Forte,SF5_0026,1809,http://www.example.com/myData/presence_SF5_0026_03,InOrdinary,1817-05,1817,1820-06,1820.0,FittingForSea,1809-09-15,1809-09-15,1817-05-01,1820-06-01,3.0855578370978782,0,7.624914442162902,Other_Pre_1850,Sailing_FrigateCorvette
http://www.example.com/myData/SF5_0026,HMS Forte,SF5_0026,1809,http://www.example.com/myData/presence_SF5_0026_12,InOrdinary,1837-03,1837,1844-10,1844.0,E6_Destruction,1809-09-15,1809-09-15,1837-03-01,1844-10-01,7.586584531143052,1,27.457905544147845,Other_Pre_1850,Sailing_FrigateCorvette
http://www.example.com/myData/SF5_0042,HMS Semiramis,SF5_0042,1806,http://www.example.com/myData/presence_SF5_0042_04,InOrdinary,1814-11,1814,1817-11,1817.0,FittingForForeignService,1806-03-25,1806-03-25,1814-11-01,1817-11-01,3.0006844626967832,0,8.605065023956195,Other_Pre_1850,Sailing_FrigateCorvette
http://www.example.com/myData/SF5_0042,HMS Semiramis,SF5_0042,1806,http://www.example.com/myData/presence_SF5_0042_06,InOrdinary,1818-09,1818,1821-07,1821.0,Fitting,1806-03-25,1806-03-25,1818-09-01,1821-07-01,2.830937713894593,0,12.438056125941136,Other_Pre_1850,Sailing_FrigateCorvette
http://www.example.com/myData/SF5_0044,HMS Curacoa,SF5_0044,1806,http://www.example.com/myData/presence_SF5_0044_04,InOrdinary,1817-03,1817,1831-02,1831.0,ShipConversion,1806-10-01,1806-10-01,1817-03-01,1831-02-01,13.921971252566735,0,10.414784394250514,Other_Pre_1850,Sailing_FrigateCorvette
http://www.example.com/myData/SF5_0054,HMS Stag,SF5_0054,1810,http://www.example.com/myData/presence_SF5_0054_03,InOrdinary,1814-11,1814,1821-09-20,1821.0,E6_Destruction,1810-10-17,1810-10-17,1814-11-01,1821-09-20,6.885694729637235,1,4.041067761806982,Other_Pre_1850,Sailing_FrigateCorvette
http://www.example.com/myData/SF5_0059,HMS Brilliant,SF5_0059,1812,http://www.example.com/myData/presence_SF5_0059_01,InOrdinary,1815-03-05,1815,1828-10,1828.0,MiddlingRepair,1812-12-11,1812-12-11,1815-03-05,1828-10-01,13.57700205338809,0,2.2286105407255303,Other_Pre_1850,Sailing_FrigateCorvette
http://www.example.com/myData/SF5_0059,HMS Brilliant,SF5_0059,1812,http://www.example.com/myData/presence_SF5_0059_03,InOrdinary,1828-10,1828,1844-09,1844.0,ShipConversion,1812-12-11,1812-12-11,1828-10-01,1844-09-01,15.917864476386036,0,15.80561259411362,Other_Pre_1850,Sailing_FrigateCorvette
http://www.example.com/myData/SF5_0059,HMS Brilliant,SF5_0059,1812,http://www.example.com/myData/presence_SF5_0059_08,InOrdinary,1850-04,1850,1856-06,1856.0,Refit,1812-12-11,1812-12-11,1850-04-01,1856-06-01,6.168377823408624,0,37.30321697467488,PreWarrior_1850s,Sailing_FrigateCorvette
http://www.example.com/myData/SF5_0060,HMS Resistance,SF5_0060,1803,http://www.example.com/myData/presence_SF5_0060_04,InOrdinary,1816-05,1816,1841-11,1841.0,ShipConversion,1803-11-07,1803-11-07,1816-05-01,1841-11-01,25.503080082135522,0,12.48186173853525,Other_Pre_1850,Sailing_FrigateCorvette
http://www.example.com/myData/SF5_0063,HMS Horatio,SF5_0063,1805,http://www.example.com/myData/presence_SF5_0063_05,InOrdinary,1817-03,1817,1845-11,1845.0,ShipConversion,1805-06-15,1805-06-15,1817-03-01,1845-11-01,28.670773442847366,0,11.709787816563997,Other_Pre_1850,Sailing_FrigateCorvette
http://www.example.com/myData/SF5_0069,HMS Nymphe,SF5_0069,1810,http://www.example.com/myData/presence_SF5_0069_03,InOrdinary,1815-07,1815,1831-08,1831.0,ShipConversion,1810-12-14,1810-12-14,1815-07-01,1831-08-01,16.084873374401095,0,4.544832306639288,Other_Pre_1850,Sailing_FrigateCorvette
http://www.example.com/myData/SF5_0072,HMS Hyperion,SF5_0072,1805,http://www.example.com/myData/presence_SF5_0072_04,InOrdinary,1815-08,1815,1818-06,1818.0,SmallRepair,1805-06-13,1805-06-13,1815-08-01,1818-06-01,2.833675564681725,0,10.132785763175907,Other_Pre_1850,Sailing_FrigateCorvette
http://www.example.com/myData/SF5_0072,HMS Hyperion,SF5_0072,1805,http://www.example.com/myData/presence_SF5_0072_04,InOrdinary,1815-08,1815,1818-06,1818.0,FittingForSea,1805-06-13,1805-06-13,1815-08-01,1818-06-01,2.833675564681725,0,10.132785763175907,Other_Pre_1850,Sailing_FrigateCorvette
http://www.example.com/myData/SF5_0072,HMS Hyperion,SF5_0072,1805,http://www.example.com/myData/presence_SF5_0072_08,InOrdinary,1822,1822,1825-01,1825.0,Fitting,1805-06-13,1805-06-13,1822-01-01,1825-01-01,3.0006844626967832,0,16.553045859000683,Other_Pre_1850,Sailing_FrigateCorvette
http://www.example.com/myData/SF5_0072,HMS Hyperion,SF5_0072,1805,http://www.example.com/myData/presence_SF5_0072_11,InOrdinary,1831-05,1831,1833-06,1833.0,E6_Destruction,1805-06-13,1805-06-13,1831-05-01,1833-06-01,2.086242299794661,1,25.880903490759753,Other_Pre_1850,Sailing_FrigateCorvette
http://www.example.com/myData/SF5_0075,HMS Unite (ex-Imperieuse),SF5_0075,1786,http://www.example.com/myData/presence_SF5_0075_01,InOrdinary,1793-10-10,1793,1795-06,1795.0,Fitting,1786-02,1786-02-01,1793-10-10,1795-06-01,1.6399726214921286,0,7.687885010266941,Other_Pre_1850,Sailing_FrigateCorvette
http://www.example.com/myData/SF5_0075,HMS Unite (ex-Imperieuse),SF5_0075,1786,http://www.example.com/myData/presence_SF5_0075_02,InOrdinary,1795-06,1795,1803-10,1803.0,Fitting,1786-02,1786-02-01,1795-06-01,1803-10-01,8.331279945242985,0,9.32785763175907,Other_Pre_1850,Sailing_FrigateCorvette
http://www.example.com/myData/SF5_0075,HMS Unite (ex-Imperieuse),SF5_0075,1786,http://www.example.com/myData/presence_SF5_0075_03,InOrdinary,1803-10,1803,1804-09,1804.0,Repair,1786-02,1786-02-01,1803-10-01,1804-09-01,0.919917864476386,0,17.659137577002053,Other_Pre_1850,Sailing_FrigateCorvette
http://www.example.com/myData/SF5_0091,HMS Brune (ex-La Thetis),SF5_0091,1787,http://www.example.com/myData/presence_SF5_0091_01,InOrdinary,1808-11-10,1808,1810-05,1810.0,ShipConversion,1787-10,1787-10-01,1808-11-10,1810-05-01,1.4702258726899384,0,21.1088295687885,Other_Pre_1850,Sailing_FrigateCorvette
http://www.example.com/myData/SF5_0094,HMS Trave,SF5_0094,1811,http://www.example.com/myData/presence_SF5_0094_02,InOrdinary,1813-10-23,1813,1814-03,1814.0,ShipConversion,1811-04,1811-04-01,1813-10-23,1814-03-01,0.3531827515400411,0,2.5626283367556466,Other_Pre_1850,Sailing_FrigateCorvette
http://www.example.com/myData/SF5_0094,HMS Trave,SF5_0094,1811,http://www.example.com/myData/presence_SF5_0094_05,InOrdinary,1816-07,1816,1821-06-07,1821.0,E6_Destruction,1811-04,1811-04-01,1816-07-01,1821-06-07,4.933607118412047,1,5.25119780971937,Other_Pre_1850,Sailing_FrigateCorvette
http://www.example.com/myData/SF5_0098,Sultane (ex-French La Sultane),SF5_0098,1810,http://www.example.com/myData/presence_SF5_0098_01,InOrdinary,1814-03-26,1814,1817-06,1817.0,Fitting,1810-01,1810-01-01,1814-03-26,1817-06-01,3.184120465434634,0,4.229979466119096,Other_Pre_1850,Sailing_FrigateCorvette
http://www.example.com/myData/SF5_0098,Sultane (ex-French La Sultane),SF5_0098,1810,http://www.example.com/myData/presence_SF5_0098_03,InOrdinary,1817-06,1817,1819-08-03,1819.0,E6_Destruction,1810-01,1810-01-01,1817-06-01,1819-08-03,2.1711156741957565,1,7.41409993155373,Other_Pre_1850,Sailing_FrigateCorvette
http://www.example.com/myData/SF5_0137,HMS Nereus,SF5_0137,1817,http://www.example.com/myData/presence_SF5_0137_01,InOrdinary,1821-08-23,1821,1843-08,1843.0,Fitting,1817-04-25,1817-04-25,1821-08-23,1843-08-01,21.93839835728953,0,4.328542094455853,Other_Pre_1850,Sailing_FrigateCorvette
http://www.example.com/myData/SF5_0156,HMS Africaine,SF5_0156,1822,http://www.example.com/myData/presence_SF5_0156_02,InOrdinary,1827-12-20,1827,1867-05-09,1867.0,E8_Acquisition,1822-01-08,1822-01-08,1827-12-20,1867-05-09,39.383983572895275,1,5.946611909650924,Other_Pre_1850,Sailing_FrigateCorvette
http://www.example.com/myData/SL1_0002,HMS Victory,SL1_0002,1758,http://www.example.com/myData/presence_SL1_0002_02,InOrdinary,1765,1765,1778-02,1778.0,FittingForSea,1758-12-13,1758-12-13,1765-01-01,1778-02-01,13.084188911704311,0,6.053388090349076,Other_Pre_1850,Sailing_LineOfBattle
http://www.example.com/myData/SL1_0008,HMS Royal Sovereign,SL1_0008,1772,http://www.example.com/myData/presence_SL1_0008_11,InOrdinary,1815-07,1815,1825-06,1825.0,ShipConversion,1772-02-03,1772-02-03,1815-07-01,1825-06-01,9.919233401779604,0,43.403148528405204,Other_Pre_1850,Sailing_LineOfBattle
http://www.example.com/myData/SL1_0009,HMS Prince,SL1_0009,1782,http://www.example.com/myData/presence_SL1_0009_06,InOrdinary,1802-05,1802,1803-04,1803.0,Fitting,1782-01-01,1782-01-01,1802-05-01,1803-04-01,0.917180013689254,0,20.32580424366872,Other_Pre_1850,Sailing_LineOfBattle
http://www.example.com/myData/SL1_0009,HMS Prince,SL1_0009,1782,http://www.example.com/myData/presence_SL1_0009_09,InOrdinary,1806-10,1806,1813-08,1813.0,Fitting,1782-01-01,1782-01-01,1806-10-01,1813-08-01,6.833675564681725,0,24.744695414099933,Other_Pre_1850,Sailing_LineOfBattle
http://www.example.com/myData/SL1_0015,HMS Temeraire,SL1_0015,1790,http://www.example.com/myData/presence_SL1_0015_08,InOrdinary,1813-11,1813,1819-09,1819.0,ShipConversion,1790-12-09,1790-12-09,1813-11-01,1819-09-01,5.831622176591376,0,22.89390828199863,Other_Pre_1850,Sailing_LineOfBattle
http://www.example.com/myData/SL1_0016,HMS Ocean,SL1_0016,1797,http://www.example.com/myData/presence_SL1_0016_05,InOrdinary,1814-07,1814,1817-01-01,1817.0,E13_Attribute_Assignment,1797-10-01,1797-10-01,1814-07-01,1817-01-01,2.5051334702258727,0,16.744695414099933,Other_Pre_1850,Sailing_LineOfBattle
http://www.example.com/myData/SL1_0016,HMS Ocean,SL1_0016,1797,http://www.example.com/myData/presence_SL1_0016_06,InOrdinary,1817-01-01,1817,1819-09,1819.0,ShipConversion,1797-10-01,1797-10-01,1817-01-01,1819-09-01,2.6639288158795345,0,19.249828884325805,Other_Pre_1850,Sailing_LineOfBattle
http://www.example.com/myData/SL1_0016,HMS Ocean,SL1_0016,1797,http://www.example.com/myData/presence_SL1_0016_08,InOrdinary,1819-09,1819,1824-03,1824.0,Fitting,1797-10-01,1797-10-01,1819-09-01,1824-03-01,4.498288843258043,0,21.913757700205338,Other_Pre_1850,Sailing_LineOfBattle
http://www.example.com/myData/SL1_0018,HMS Caledonia,SL1_0018,1794,http://www.example.com/myData/presence_SL1_0018_06,InOrdinary,1815-06,1815,1826-05,1826.0,LargeRepair,1794-11-06,1794-11-06,1815-06-01,1826-05-01,10.915811088295689,0,20.56399726214921,Other_Pre_1850,Sailing_LineOfBattle
http://www.example.com/myData/SL1_0018,HMS Caledonia,SL1_0018,1794,http://www.example.com/myData/presence_SL1_0018_10,InOrdinary,1838-02,1838,1840-11,1840.0,Fitting,1794-11-06,1794-11-06,1838-02-01,1840-11-01,2.74880219028063,0,43.23613963039014,Other_Pre_1850,Sailing_LineOfBattle
http://www.example.com/myData/SL1_0018,HMS Caledonia,SL1_0018,1794,http://www.example.com/myData/presence_SL1_0018_16,InOrdinary,1870-07-14,1870,1871-05-06,1871.0,Commissioning,1794-11-06,1794-11-06,1870-07-14,1871-05-06,0.810403832991102,0,75.68240930869267,PurgeEra_1870s,Sailing_LineOfBattle
http://www.example.com/myData/SL2_0004,HMS Sans Pareil,SL2_0004,1790,http://www.example.com/myData/presence_SL2_0004_05,InOrdinary,1802-09,1802,1807,1807.0,ShipConversion,1790-10,1790-10-01,1802-09-01,1807-01-01,4.334017796030117,0,11.915126625598905,Other_Pre_1850,Sailing_LineOfBattle
http://www.example.com/myData/SL2_0004,HMS Sans Pareil,SL2_0004,1790,http://www.example.com/myData/presence_SL2_0004_08,InOrdinary,1838,1838,1842-10,1842.0,E6_Destruction,1790-10,1790-10-01,1838-01-01,1842-10-01,4.747433264887063,1,47.2498288843258,Other_Pre_1850,Sailing_LineOfBattle
http://www.example.com/myData/SL2_0005,HMS Canopus,SL2_0005,1794,http://www.example.com/myData/presence_SL2_0005_01,InOrdinary,1798-08-02,1798,1798-12,1798.0,Commissioning,1794-11,1794-11-01,1798-08-02,1798-12-01,0.33127994524298426,0,3.7508555783709787,Other_Pre_1850,Sailing_LineOfBattle
http://www.example.com/myData/SL2_0005,HMS Canopus,SL2_0005,1794,http://www.example.com/myData/presence_SL2_0005_03,InOrdinary,1799-08,1799,1801-08,1801.0,Fitting,1794-11,1794-11-01,1799-08-01,1801-08-01,1.998631074606434,0,4.747433264887063,Other_Pre_1850,Sailing_LineOfBattle
http://www.example.com/myData/SL2_0005,HMS Canopus,SL2_0005,1794,http://www.example.com/myData/presence_SL2_0005_08,InOrdinary,1812-02,1812,1814-03,1814.0,LargeRepair,1794-11,1794-11-01,1812-02-01,1814-03-01,2.078028747433265,0,17.248459958932237,Other_Pre_1850,Sailing_LineOfBattle
http://www.example.com/myData/SL2_0005,HMS Canopus,SL2_0005,1794,http://www.example.com/myData/presence_SL2_0005_10,InOrdinary,1814-03,1814,1834-05,1834.0,FittingForSea,1794-11,1794-11-01,1814-03-01,1834-05-01,20.16700889801506,0,19.326488706365502,Other_Pre_1850,Sailing_LineOfBattle
http://www.example.com/myData/SL2_0005,HMS Canopus,SL2_0005,1794,http://www.example.com/myData/presence_SL2_0005_12,InOrdinary,1834-05,1834,1839-12,1839.0,MiddlingRepair,1794-11,1794-11-01,1834-05-01,1839-12-01,5.585215605749487,0,39.493497604380565,Other_Pre_1850,Sailing_LineOfBattle
http://www.example.com/myData/SL2_0005,HMS Canopus,SL2_0005,1794,http://www.example.com/myData/presence_SL2_0005_14,InOrdinary,1839-12,1839,1845-01,1845.0,FittingForSea,1794-11,1794-11-01,1839-12-01,1845-01-01,5.086926762491444,0,45.07871321013005,Other_Pre_1850,Sailing_LineOfBattle
http://www.example.com/myData/SL2_0005,HMS Canopus,SL2_0005,1794,http://www.example.com/myData/presence_SL2_0005_17,InOrdinary,1848-05,1848,1862-06,1862.0,ShipConversion,1794-11,1794-11-01,1848-05-01,1862-06-01,14.08350444900753,0,53.49486652977413,Other_Pre_1850,Sailing_LineOfBattle
http://www.example.com/myData/SL2_0012,HMS Cambridge,SL2_0012,1810,http://www.example.com/myData/presence_SL2_0012_04,InOrdinary,1827-10,1827,1838-01,1838.0,SmallRepair,1810-07-16,1810-07-16,1827-10-01,1838-01-01,10.25325119780972,0,17.21013004791239,Other_Pre_1850,Sailing_LineOfBattle
http://www.example.com/myData/SL2_0012,HMS Cambridge,SL2_0012,1810,http://www.example.com/myData/presence_SL2_0012_07,InOrdinary,1843-01-26,1843,1856-08,1856.0,ShipConversion,1810-07-16,1810-07-16,1843-01-26,1856-08-01,13.514031485284052,0,32.53114305270363,Other_Pre_1850,Sailing_LineOfBattle
http://www.example.com/myData/SL2_0014,HMS Ganges,SL2_0014,1816,http://www.example.com/myData/presence_SL2_0014_05,InOrdinary,1822-10-12,1822,1838-10-17,1838.0,Recommissioning,1816-06-04,1816-06-04,1822-10-12,1838-10-17,16.01368925393566,0,6.354551676933607,Other_Pre_1850,Sailing_LineOfBattle
http://www.example.com/myData/SL2_0014,HMS Ganges,SL2_0014,1816,http://www.example.com/myData/presence_SL2_0014_07,InOrdinary,1842-04-18,1842,1848-01-10,1848.0,Recommissioning,1816-06-04,1816-06-04,1842-04-18,1848-01-10,5.730321697467488,0,25.869952087611225,Other_Pre_1850,Sailing_LineOfBattle
http://www.example.com/myData/SL2_0027,HMS Vanguard,SL2_0027,1832,http://www.example.com/myData/presence_SL2_0027_10,InOrdinary,1849-05,1849,1861-02-18,1861.0,Recommissioning,1832-06-29,1832-06-29,1849-05-01,1861-02-18,11.80287474332649,0,16.83778234086242,Other_Pre_1850,Sailing_LineOfBattle
http://www.example.com/myData/SL2_0027,HMS Ajax,SL2_0027,1832,http://www.example.com/myData/presence_SL2_0027_10,InOrdinary,1849-05,1849,1861-02-18,1861.0,Recommissioning,1832-06-29,1832-06-29,1849-05-01,1861-02-18,11.80287474332649,0,16.83778234086242,Other_Pre_1850,Sailing_LineOfBattle
http://www.example.com/myData/SL2_0027,HMS Vanguard,SL2_0027,1832,http://www.example.com/myData/presence_SL2_0027_12,InOrdinary,1862-03,1862,1875-06-26,1875.0,E6_Destruction,1832-06-29,1832-06-29,1862-03-01,1875-06-26,13.319644079397673,1,29.67008898015058,WarriorEra_1860s,Sailing_LineOfBattle
http://www.example.com/myData/SL2_0027,HMS Ajax,SL2_0027,1832,http://www.example.com/myData/presence_SL2_0027_12,InOrdinary,1862-03,1862,1875-06-26,1875.0,E6_Destruction,1832-06-29,1832-06-29,1862-03-01,1875-06-26,13.319644079397673,1,29.67008898015058,WarriorEra_1860s,Sailing_LineOfBattle
http://www.example.com/myData/SL2_0030,HMS Superb,SL2_0030,1838,http://www.example.com/myData/presence_SL2_0030_06,InOrdinary,1864-12,1864,1868-11-03,1868.0,E6_Destruction,1838-06-15,1838-06-15,1864-12-01,1868-11-03,3.923340177960301,1,26.46406570841889,WarriorEra_1860s,Sailing_LineOfBattle
http://www.example.com/myData/SL2_0055,HMS Irresistible,SL2_0055,1855,http://www.example.com/myData/presence_SL2_0055_02,InOrdinary,1860-01,1860,1864-04-01,1864.0,Commissioning,1855-05-01,1855-05-01,1860-01-01,1864-04-01,4.249144421629021,0,4.670773442847365,WarriorEra_1860s,Sailing_LineOfBattle
http://www.example.com/myData/SL2_0065,HMS Brunswick,SL2_0065,1854,http://www.example.com/myData/presence_SL2_0065_05,InOrdinary,1860-07,1860,1867-03,1867.0,E6_Destruction,1854-06-23,1854-06-23,1860-07-01,1867-03-01,6.663928815879535,1,6.023271731690623,WarriorEra_1860s,Sailing_LineOfBattle
http://www.example.com/myData/SL2_0073,HMS Saint George,SL2_0073,1858,http://www.example.com/myData/presence_SL2_0073_06,InOrdinary,1869-06-30,1869,1883-11,1883.0,E6_Destruction,1858-08-10,1858-08-10,1869-06-30,1883-11-01,14.338124572210814,1,10.888432580424366,WarriorEra_1860s,Sailing_LineOfBattle
http://www.example.com/myData/SL2_0076,HMS Nelson,SL2_0076,1859,http://www.example.com/myData/presence_SL2_0076_05,InOrdinary,1878,1878,1898-04-28,1898.0,E8_Acquisition,1859-02-05,1859-02-05,1878-01-01,1898-04-28,20.320328542094455,1,18.90485968514716,PurgeEra_1870s,Sailing_LineOfBattle
http://www.example.com/myData/SL3_0002,HMS Triumph,SL3_0002,1757,http://www.example.com/myData/presence_SL3_0002_12,InOrdinary,1782-05,1782,1783-07,1783.0,Fitting,1757-05-21,1757-05-21,1782-05-01,1783-07-01,1.1663244353182751,0,24.944558521560573,Other_Pre_1850,Sailing_LineOfBattle
http://www.example.com/myData/SL3_0002,HMS Triumph,SL3_0002,1757,http://www.example.com/myData/presence_SL3_0002_19,InOrdinary,1812,1812,1813-07,1813.0,ShipConversion,1757-05-21,1757-05-21,1812-01-01,1813-07-01,1.4976043805612593,0,54.61190965092403,Other_Pre_1850,Sailing_LineOfBattle
http://www.example.com/myData/SL3_0023,HMS Vanguard,SL3_0023,1779,http://www.example.com/myData/presence_SL3_0023_01,InOrdinary,1787-03-16,1787,1790-06,1790.0,Commissioning,1779-12-09,1779-12-09,1787-03-16,1790-06-01,3.2114989733059547,0,7.266255989048597,Other_Pre_1850,Sailing_LineOfBattle
http://www.example.com/myData/SL3_0025,HMS Saturn,SL3_0025,1781,http://www.example.com/myData/presence_SL3_0025_01,InOrdinary,1786-12-18,1786,1790-06-12,1790.0,FittingForSea,1781-12-27,1781-12-27,1786-12-18,1790-06-12,3.482546201232033,0,4.974674880219028,Other_Pre_1850,Sailing_LineOfBattle
http://www.example.com/myData/SL3_0025,HMS Saturn,SL3_0025,1781,http://www.example.com/myData/presence_SL3_0025_12,InOrdinary,1812,1812,1813-04,1813.0,ShipConversion,1781-12-27,1781-12-27,1812-01-01,1813-04-01,1.2484599589322383,0,30.00958247775496,Other_Pre_1850,Sailing_LineOfBattle
http://www.example.com/myData/SL3_0025,HMS Saturn,SL3_0025,1781,http://www.example.com/myData/presence_SL3_0025_15,InOrdinary,1815-04,1815,1817-10,1817.0,SmallRepair,1781-12-27,1781-12-27,1815-04-01,1817-10-01,2.5023956194387407,0,33.256673511293634,Other_Pre_1850,Sailing_LineOfBattle
http://www.example.com/myData/SL3_0025,HMS Saturn,SL3_0025,1781,http://www.example.com/myData/presence_SL3_0025_16,InOrdinary,1817-10,1817,1825-08,1825.0,Fitting,1781-12-27,1781-12-27,1817-10-01,1825-08-01,7.832991101984942,0,35.75906913073238,Other_Pre_1850,Sailing_LineOfBattle
http://www.example.com/myData/SL3_0027,HMS Bellerophon,SL3_0027,1782,http://www.example.com/myData/presence_SL3_0027_02,InOrdinary,1787-03,1787,1790-07-19,1790.0,Commissioning,1782-01-11,1782-01-11,1787-03-01,1790-07-19,3.383983572895277,0,5.13347022587269,Other_Pre_1850,Sailing_LineOfBattle
http://www.example.com/myData/SL3_0027,HMS Bellerophon,SL3_0027,1782,http://www.example.com/myData/presence_SL3_0027_19,InOrdinary,1834,1834,1836-01-21,1836.0,E8_Acquisition,1782-01-11,1782-01-11,1834-01-01,1836-01-21,2.0533880903490758,1,51.969883641341546,Other_Pre_1850,Sailing_LineOfBattle
http://www.example.com/myData/SL3_0040,HMS Northumberland,SL3_0040,1795,http://www.example.com/myData/presence_SL3_0040_03,InOrdinary,1813,1813,1813-09,1813.0,LargeRepair,1795-04-30,1795-04-30,1813-01-01,1813-09-01,0.6652977412731006,0,17.672826830937716,Other_Pre_1850,Sailing_LineOfBattle
http://www.example.com/myData/SL3_0040,HMS Northumberland,SL3_0040,1795,http://www.example.com/myData/presence_SL3_0040_05,InOrdinary,1813-09,1813,1815-05,1815.0,Recommissioning,1795-04-30,1795-04-30,1813-09-01,1815-05-01,1.6618754277891854,0,18.338124572210816,Other_Pre_1850,Sailing_LineOfBattle
http://www.example.com/myData/SL3_0051,HMS Albion,SL3_0051,1800,http://www.example.com/myData/presence_SL3_0051_07,InOrdinary,1829,1829,1831-03,1831.0,ShipConversion,1800-02-04,1800-02-04,1829-01-01,1831-03-01,2.1601642710472277,0,28.906228610540726,Other_Pre_1850,Sailing_LineOfBattle
http://www.example.com/myData/SL3_0056,HMS Aboukir,SL3_0056,1804,http://www.example.com/myData/presence_SL3_0056_02,InOrdinary,1817,1817,1823-07,1823.0,ShipConversion,1804-06,1804-06-01,1817-01-01,1823-07-01,6.494182067077344,0,12.58590006844627,Other_Pre_1850,Sailing_LineOfBattle
http://www.example.com/myData/SL3_0057,HMS Bombay,SL3_0057,1805,http://www.example.com/myData/presence_SL3_0057_01,InOrdinary,1808-05-11,1808,1808-06,1808.0,Commissioning,1805-10,1805-10-01,1808-05-11,1808-06-01,0.057494866529774126,0,2.6091718001368926,Other_Pre_1850,Sailing_LineOfBattle
http://www.example.com/myData/SL3_0067,HMS Magnificent,SL3_0067,1805,http://www.example.com/myData/presence_SL3_0067_09,InOrdinary,1842,1842,1843-01-10,1843.0,E6_Destruction,1805-01-24,1805-01-24,1842-01-01,1843-01-10,1.0239561943874058,1,36.936344969199176,Other_Pre_1850,Sailing_LineOfBattle
http://www.example.com/myData/SL3_0072,HMS Cressy,SL3_0072,1806,http://www.example.com/myData/presence_SL3_0072_01,InOrdinary,1810-03-07,1810,1811-01,1811.0,Commissioning,1806-10-01,1806-10-01,1810-03-07,1811-01-01,0.8213552361396304,0,3.430527036276523,Other_Pre_1850,Sailing_LineOfBattle
http://www.example.com/myData/SL3_0072,HMS Cressy,SL3_0072,1806,http://www.example.com/myData/presence_SL3_0072_06,InOrdinary,1814-05,1814,1832-12,1832.0,E6_Destruction,1806-10-01,1806-10-01,1814-05-01,1832-12-01,18.587268993839835,1,7.581108829568788,Other_Pre_1850,Sailing_LineOfBattle
http://www.example.com/myData/SL3_0080,HMS Mulgrave,SL3_0080,1807,http://www.example.com/myData/presence_SL3_0080_05,InOrdinary,1815-01,1815,1816-03,1816.0,Refit,1807-06-23,1807-06-23,1815-01-01,1816-03-01,1.163586584531143,0,7.526351813826146,Other_Pre_1850,Sailing_LineOfBattle
http://www.example.com/myData/SL3_0080,HMS Mulgrave,SL3_0080,1807,http://www.example.com/myData/presence_SL3_0080_07,InOrdinary,1816-03,1816,1836-08,1836.0,ShipConversion,1807-06-23,1807-06-23,1816-03-01,1836-08-01,20.418891170431213,0,8.68993839835729,Other_Pre_1850,Sailing_LineOfBattle
http://www.example.com/myData/SL3_0088,HMS Rodney,SL3_0088,1807,http://www.example.com/myData/presence_SL3_0088_02,InOrdinary,1813,1813,1813-05,1813.0,SmallRepair,1807-07-13,1807-07-13,1813-01-01,1813-05-01,0.32854209445585214,0,5.47296372347707,Other_Pre_1850,Sailing_LineOfBattle
http://www.example.com/myData/SL3_0089,HMS Duncan,SL3_0089,1807,http://www.example.com/myData/presence_SL3_0089_03,InOrdinary,1815-06,1815,1826-07,1826.0,ShipConversion,1807-07-13,1807-07-13,1815-06-01,1826-07-01,11.082819986310746,0,7.885010266940451,Other_Pre_1850,Sailing_LineOfBattle
http://www.example.com/myData/SL3_0092,HMS Stirling Castle,SL3_0092,1807,http://www.example.com/myData/presence_SL3_0092_05,InOrdinary,1816-01,1816,1839-04,1839.0,ShipConversion,1807-08-12,1807-08-12,1816-01-01,1839-04-01,23.247091033538673,0,8.388774811772759,Other_Pre_1850,Sailing_LineOfBattle
http://www.example.com/myData/SL3_0101,HMS Devonshire,SL3_0101,1808,http://www.example.com/myData/presence_SL3_0101_03,InOrdinary,1814-05,1814,1817-03,1817.0,LargeRepair,1808-05-30,1808-05-30,1814-05-01,1817-03-01,2.833675564681725,0,5.919233401779603,Other_Pre_1850,Sailing_LineOfBattle
http://www.example.com/myData/SL3_0101,HMS Devonshire,SL3_0101,1808,http://www.example.com/myData/presence_SL3_0101_05,InOrdinary,1817-03,1817,1849-07,1849.0,ShipConversion,1808-05-30,1808-05-30,1817-03-01,1849-07-01,32.33401779603012,0,8.752908966461328,Other_Pre_1850,Sailing_LineOfBattle
http://www.example.com/myData/SL3_0107,HMS Wellington,SL3_0107,1812,http://www.example.com/myData/presence_SL3_0107_01,InOrdinary,1816-10-01,1816,1840-12,1840.0,ShipConversion,1812-01-06,1812-01-06,1816-10-01,1840-12-01,24.16700889801506,0,4.736481861738535,Other_Pre_1850,Sailing_LineOfBattle
http://www.example.com/myData/SL3_0107,HMS Wellington,SL3_0107,1812,http://www.example.com/myData/presence_SL3_0107_03,InOrdinary,1840-12,1840,1848-03-01,1848.0,Commissioning,1812-01-06,1812-01-06,1840-12-01,1848-03-01,7.2470910335386725,0,28.903490759753595,Other_Pre_1850,Sailing_LineOfBattle
http://www.example.com/myData/SL3_0107,HMS Wellington,SL3_0107,1812,http://www.example.com/myData/presence_SL3_0107_07,InOrdinary,1856-10,1856,1859-04-25,1859.0,Recommissioning,1812-01-06,1812-01-06,1856-10-01,1859-04-25,2.5626283367556466,0,44.73648186173853,PreWarrior_1850s,Sailing_LineOfBattle
http://www.example.com/myData/SL3_0107,HMS Wellington,SL3_0107,1812,http://www.example.com/myData/presence_SL3_0107_11,InOrdinary,1908-01-01,1908,1908-04-08,1908.0,E6_Destruction,1812-01-06,1812-01-06,1908-01-01,1908-04-08,0.2683093771389459,1,95.9835728952772,Other_Post_1880,Sailing_LineOfBattle
http://www.example.com/myData/SL3_0109,HMS Implacable,SL3_0109,1794,http://www.example.com/myData/presence_SL3_0109_08,InOrdinary,1836-02,1836,1839-02,1839.0,FittingForSea,1794-11,1794-11-01,1836-02-01,1839-02-01,3.0006844626967832,0,41.24845995893224,Other_Pre_1850,Sailing_LineOfBattle
http://www.example.com/myData/SL3_0109,HMS Implacable,SL3_0109,1794,http://www.example.com/myData/presence_SL3_0109_11,InOrdinary,1842-01-31,1842,1855-06,1855.0,ShipConversion,1794-11,1794-11-01,1842-01-31,1855-06-01,13.330595482546201,0,47.24709103353867,Other_Pre_1850,Sailing_LineOfBattle
http://www.example.com/myData/SL3_0115,HMS Heir Apparent Frederick,SL3_0115,1780,http://www.example.com/myData/presence_SL3_0115_04,InOrdinary,1814-12,1814,1817-04-03,1817.0,E8_Acquisition,1780-12-06,1780-12-06,1814-12-01,1817-04-03,2.3381245722108144,1,33.98220396988364,Other_Pre_1850,Sailing_LineOfBattle
http://www.example.com/myData/SL3_0140,HMS Lancaster,SL3_0140,1797,http://www.example.com/myData/presence_SL3_0140_07,InOrdinary,1807-10,1807,1808-10,1808.0,ShipConversion,1797-01-29,1797-01-29,1807-10-01,1808-10-01,1.002053388090349,0,10.666666666666666,Other_Pre_1850,Sailing_LineOfBattle
http://www.example.com/myData/SL3_0140,HMS Lancaster,SL3_0140,1797,http://www.example.com/myData/presence_SL3_0140_11,InOrdinary,1832-01-02,1832,1832-05-30,1832.0,E8_Acquisition,1797-01-29,1797-01-29,1832-01-02,1832-05-30,0.4079397672826831,1,34.92128678986995,Other_Pre_1850,Sailing_LineOfBattle
http://www.example.com/myData/SL3_0144,HMS Prince Frederick,SL3_0144,1796,http://www.example.com/myData/presence_SL3_0144_08,InOrdinary,1815-02,1815,1817-06-05,1817.0,E8_Acquisition,1796-08-17,1796-08-17,1815-02-01,1817-06-05,2.3408624229979464,1,18.455852156057496,Other_Pre_1850,Sailing_LineOfBattle
http://www.example.com/myData/SL3_0150,HMS Hastings,SL3_0150,1819,http://www.example.com/myData/presence_SL3_0150_03,InOrdinary,1827-03,1827,1833-02,1833.0,FittingForSea,1819-06-22,1819-06-22,1827-03-01,1833-02-01,5.924709103353867,0,7.690622861054073,Other_Pre_1850,Sailing_LineOfBattle
http://www.example.com/myData/SL3_0150,HMS Hastings,SL3_0150,1819,http://www.example.com/myData/presence_SL3_0150_13,InOrdinary,1842-02,1842,1848-04-10,1848.0,Recommissioning,1819-06-22,1819-06-22,1842-02-01,1848-04-10,6.187542778918549,0,22.614647501711158,Other_Pre_1850,Sailing_LineOfBattle
http://www.example.com/myData/SL4_0006,HMS Glatton,SL4_0006,1795,http://www.example.com/myData/presence_SL4_0006_03,InOrdinary,1801-07,1801,1802-05,1802.0,Recommissioning,1795-05-15,1795-05-15,1801-07-01,1802-05-01,0.8323066392881588,0,6.1273100616016425,Other_Pre_1850,Sailing_LineOfBattle
http://www.example.com/myData/SL4_0006,HMS Glatton,SL4_0006,1795,http://www.example.com/myData/presence_SL4_0006_06,InOrdinary,1803-11,1803,1806-03,1806.0,Recommissioning,1795-05-15,1795-05-15,1803-11-01,1806-03-01,2.329911019849418,0,8.462696783025326,Other_Pre_1850,Sailing_LineOfBattle
http://www.example.com/myData/SL4_0006,HMS Glatton,SL4_0006,1795,http://www.example.com/myData/presence_SL4_0006_08,InOrdinary,1809-10,1809,1814,1814.0,ShipConversion,1795-05-15,1795-05-15,1809-10-01,1814-01-01,4.251882272416153,0,14.379192334017796,Other_Pre_1850,Sailing_LineOfBattle
http://www.example.com/myData/SL4_0011,HMS Jupiter,SL4_0011,1810,http://www.example.com/myData/presence_SL4_0011_04,InOrdinary,1815,1815,1821-07,1821.0,SmallRepair,1810-06-30,1810-06-30,1815-01-01,1821-07-01,6.496919917864476,0,4.506502395619439,Other_Pre_1850,Sailing_LineOfBattle
http://www.example.com/myData/SL4_0011,HMS Jupiter,SL4_0011,1810,http://www.example.com/myData/presence_SL4_0011_11,InOrdinary,1832-04,1832,1835-09,1835.0,Fitting,1810-06-30,1810-06-30,1832-04-01,1835-09-01,3.4168377823408624,0,21.754962354551676,Other_Pre_1850,Sailing_LineOfBattle
http://www.example.com/myData/SL4_0025,HMS Newcastle,SL4_0025,1813,http://www.example.com/myData/presence_SL4_0025_09,InOrdinary,1818-04,1818,1818-11-26,1818.0,Recommissioning,1813-05-06,1813-05-06,1818-04-01,1818-11-26,0.6543463381245722,0,4.903490759753593,Other_Pre_1850,Sailing_LineOfBattle
http://www.example.com/myData/SL4_0047,HMS Vernon,SL4_0047,1831,http://www.example.com/myData/presence_SL4_0047_07,InOrdinary,1837-04,1837,1840-10,1840.0,FittingForSea,1831-08-24,1831-08-24,1837-04-01,1840-10-01,3.5017111567419574,0,5.604380561259411,Other_Pre_1850,Sailing_LineOfBattle
http://www.example.com/myData/SL4_0047,HMS Vernon,SL4_0047,1831,http://www.example.com/myData/presence_SL4_0047_14,InOrdinary,1848-11,1848,1863-03,1863.0,ShipConversion,1831-08-24,1831-08-24,1848-11-01,1863-03-01,14.327173169062286,0,17.190965092402465,Other_Pre_1850,Sailing_LineOfBattle
http://www.example.com/myData/SL4_0071,HMS Liverpool,SL4_0071,1855,http://www.example.com/myData/presence_SL4_0071_01,InOrdinary,1860-12-11,1860,1863-04-30,1863.0,Commissioning,1855-03-31,1855-03-31,1860-12-11,1863-04-30,2.3819301848049284,0,5.700205338809035,WarriorEra_1860s,Sailing_LineOfBattle
http://www.example.com/myData/SL4_0071,HMS Liverpool,SL4_0071,1855,http://www.example.com/myData/presence_SL4_0071_05,InOrdinary,1870-12-02,1870,1875-06-26,1875.0,E6_Destruction,1855-03-31,1855-03-31,1870-12-02,1875-06-26,4.563997262149213,1,15.67419575633128,PurgeEra_1870s,Sailing_LineOfBattle
http://www.example.com/myData/SL4_0080,HMS Cornwallis,SL4_0080,1854,http://www.example.com/myData/presence_SL4_0080_08,InOrdinary,1922-03-15,1922,1957,1957.0,E6_Destruction,1854-10-09,1854-10-09,1922-03-15,1957-01-01,34.80082135523614,1,67.42778918548939,Other_Post_1880,Sailing_LineOfBattle
http://www.example.com/myData/SL4_0091,HMS Endymion,SL4_0091,1860,http://www.example.com/myData/presence_SL4_0091_09,InOrdinary,1871-11,1871,1872-04-24,1872.0,Recommissioning,1860-03-05,1860-03-05,1871-11-01,1872-04-24,0.4791238877481177,0,11.657768651608487,PurgeEra_1870s,Sailing_LineOfBattle
http://www.example.com/myData/SL4_0091,HMS Endymion,SL4_0091,1860,http://www.example.com/myData/presence_SL4_0091_13,InOrdinary,1879-07-31,1879,1881-07-05,1881.0,ShipConversion,1860-03-05,1860-03-05,1879-07-31,1881-07-05,1.9301848049281314,0,19.4031485284052,PurgeEra_1870s,Sailing_LineOfBattle
http://www.example.com/myData/SM_0002,HMS Terror,SM_0002,1812,http://www.example.com/myData/presence_SM_0002_03,InOrdinary,1815-08,1815,1821-03,1821.0,LargeRepair,1812-03-30,1812-03-30,1815-08-01,1821-03-01,5.582477754962355,0,3.3374401095140316,Other_Pre_1850,Sailing_Other
http://www.example.com/myData/SM_0002,HMS Terror,SM_0002,1812,http://www.example.com/myData/presence_SM_0002_06,InOrdinary,1828-11,1828,1835-12,1835.0,ShipConversion,1812-03-30,1812-03-30,1828-11-01,1835-12-01,7.080082135523614,0,16.591375770020534,Other_Pre_1850,Sailing_Other
http://www.example.com/myData/SM_0002,HMS Terror,SM_0002,1812,http://www.example.com/myData/presence_SM_0002_10,InOrdinary,1837-09-03,1837,1839-04,1839.0,Fitting,1812-03-30,1812-03-30,1837-09-03,1839-04-01,1.5742642026009583,0,25.429158110882955,Other_Pre_1850,Sailing_Other
http://www.example.com/myData/SM_0017,Kestrel,SM_0017,1837,http://www.example.com/myData/presence_SM_0017_01,InOrdinary,1846-12-04,1846,1847-02-23,1847.0,Fitting,1837,1837-01-01,1846-12-04,1847-02-23,0.22176591375770022,0,9.921971252566735,Other_Pre_1850,Sailing_Other
http://www.example.com/myData/SM_0031,"Sophia (ex-mercantile Sophia, Survey vessel)",SM_0031,1850,http://www.example.com/myData/presence_SM_0031_01,InOrdinary,1850-05-11,1850,1853-05-05,1853.0,E8_Acquisition,1850,1850-01-01,1850-05-11,1853-05-05,2.9842573579739904,1,0.35592060232717315,PreWarrior_1850s,Sailing_Other
http://www.example.com/myData/SM_0052,HMS Surly,SM_0052,1854,http://www.example.com/myData/presence_SM_0052_02,InOrdinary,1855-10-19,1855,1863-11,1863.0,E6_Destruction,1854-10-06,1854-10-06,1855-10-19,1863-11-01,8.035592060232718,1,1.0349075975359343,PreWarrior_1850s,Sailing_Other
http://www.example.com/myData/SSL_0004,HMS Bonne Citoyenne,SSL_0004,1793,http://www.example.com/myData/presence_SSL_0004_06,InOrdinary,1815-01,1815,1819-02-03,1819.0,E8_Acquisition,1793-07,1793-07-01,1815-01-01,1819-02-03,4.090349075975359,1,21.50034223134839,Other_Pre_1850,Sailing_Other
http://www.example.com/myData/SSL_0006,HMS Driver,SSL_0006,1796,http://www.example.com/myData/presence_SSL_0006_03,InOrdinary,1799-01-27,1799,1799-11,1799.0,Commissioning,1796-01-18,1796-01-18,1799-01-27,1799-11-01,0.7611225188227242,0,3.025325119780972,Other_Pre_1850,Sailing_Other
http://www.example.com/myData/SSL_0006,HMS Driver,SSL_0006,1796,http://www.example.com/myData/presence_SSL_0006_07,InOrdinary,1810-12,1810,1814-06,1814.0,MiddlingRepair,1796-01-18,1796-01-18,1810-12-01,1814-06-01,3.4989733059548254,0,14.86652977412731,Other_Pre_1850,Sailing_Other
http://www.example.com/myData/SSL_0006,HMS Driver,SSL_0006,1796,http://www.example.com/myData/presence_SSL_0006_09,InOrdinary,1814-06,1814,1815-09,1815.0,FittingForSea,1796-01-18,1796-01-18,1814-06-01,1815-09-01,1.2511978097193703,0,18.365503080082135,Other_Pre_1850,Sailing_Other
http://www.example.com/myData/SSL_0009,HMS Morgiana,SSL_0009,1808,http://www.example.com/myData/presence_SSL_0009_05,InOrdinary,1823,1823,1825-01-27,1825.0,E6_Destruction,1808-12-29,1808-12-29,1823-01-01,1825-01-27,2.0725530458590007,1,14.00684462696783,Other_Pre_1850,Sailing_Other
http://www.example.com/myData/SSL_0015,HMS Ariadne,SSL_0015,1812,http://www.example.com/myData/presence_SSL_0015_01,InOrdinary,1816-03-21,1816,1820-01,1820.0,ShipConversion,1812-11-28,1812-11-28,1816-03-21,1820-01-01,3.780971937029432,0,3.3100616016427105,Other_Pre_1850,Sailing_Other
http://www.example.com/myData/SSL_0015,HMS Ariadne,SSL_0015,1812,http://www.example.com/myData/presence_SSL_0015_02,InOrdinary,1820-01,1820,1822-03,1822.0,FittingForSea,1812-11-28,1812-11-28,1820-01-01,1822-03-01,2.16290212183436,0,7.091033538672143,Other_Pre_1850,Sailing_Other
http://www.example.com/myData/SSL_0032,HMS Hind,SSL_0032,1812,http://www.example.com/myData/presence_SSL_0032_02,InOrdinary,1814-03-26,1814,1819-03,1819.0,SmallRepair,1812-11-18,1812-11-18,1814-03-26,1819-03-01,4.930869267624915,0,1.3497604380561259,Other_Pre_1850,Sailing_Other
http://www.example.com/myData/SSL_0033,HMS Larne,SSL_0033,1812,http://www.example.com/myData/presence_SSL_0033_02,InOrdinary,1814-04-09,1814,1814-12,1814.0,FittingForSea,1812-11-18,1812-11-18,1814-04-09,1814-12-01,0.6461327857631759,0,1.3880903490759753,Other_Pre_1850,Sailing_Other
http://www.example.com/myData/SSL_0049,HMS Satellite,SSL_0049,1825,http://www.example.com/myData/presence_SSL_0049_10,InOrdinary,1847-11,1847,1849-02,1849.0,E6_Destruction,1825-06-09,1825-06-09,1847-11-01,1849-02-01,1.2539356605065024,1,22.39561943874059,Other_Pre_1850,Sailing_Other
