ship,shipLabel,category_code,birth_year,presence,status,start_date,start_year,end_date,end_year,end_event_type,birth_date,start_date_dt,next_status,birth_date_dt,end_date_dt,duration,event_A_Retired,event_B_Converted,event_C_Disposed,event_Any,age_at_start,period_flag,category_group
http://www.example.com/myData/ACD_0001,HMS Royal Sovereign,ACD_0001,1848,http://www.example.com/myData/presence_ACD_0001_01,InCommission,1864-07-07,1864,1864-10-15,1864.0,Decommissioning,1848-06-29,1864-07-07,InNonCombatDuty,1848-06-29,1864-10-15,0.2737850787132101,0,1,0,1,16.021902806297057,WarriorEra_1860s,NewTech_SteamOrArmoured
http://www.example.com/myData/ACD_0001,HMS Royal Sovereign,ACD_0001,1848,http://www.example.com/myData/presence_ACD_0001_03,InCommission,1865-07-01,1865,1865-10-09,1865.0,Decommissioning,1848-06-29,1865-07-01,InNonCombatDuty,1848-06-29,1865-10-09,0.2737850787132101,0,1,0,1,17.00479123887748,WarriorEra_1860s,NewTech_SteamOrArmoured
http://www.example.com/myData/ACD_0001,HMS Royal Sovereign,ACD_0001,1848,http://www.example.com/myData/presence_ACD_0001_05,InCommission,1867-07,1867,1869-09-03,1869.0,Decommissioning,1848-06-29,1867-07-01,InOrdinary,1848-06-29,1869-09-03,2.1765913757700206,1,0,0,1,19.003422313483917,WarriorEra_1860s,NewTech_SteamOrArmoured
http://www.example.com/myData/ACD_0002,HMS Prince Albert,ACD_0002,1862,http://www.example.com/myData/presence_ACD_0002_02,InCommission,1866-01-30,1866,1866-06,1866.0,Decommissioning,1862-04-08,1866-01-30,InNonCombatDuty,1862-04-08,1866-06-01,0.33401779603011633,0,1,0,1,3.813826146475017,WarriorEra_1860s,NewTech_SteamOrArmoured
http://www.example.com/myData/ACD_0002,HMS Prince Albert,ACD_0002,1862,http://www.example.com/myData/presence_ACD_0002_04,InCommission,1887,1887,1898,1898.0,Decommissioning,1862-04-08,1887-01-01,InOrdinary,1862-04-08,1898-01-01,11.000684462696784,1,0,0,1,24.733744010951405,Other_Post_1880,NewTech_SteamOrArmoured
http://www.example.com/myData/AIF_0001,HMS Warrior,AIF_0001,1859,http://www.example.com/myData/presence_AIF_0001_06,InCommission,1875-06-11,1875,1876,1876.0,,1859-05-25,1875-06-11,InNonCombatDuty,1859-05-25,1876-01-01,0.5585215605749486,0,1,0,1,16.046543463381244,PurgeEra_1870s,NewTech_SteamOrArmoured
http://www.example.com/myData/AIF_0003,HMS Defence,AIF_0003,1859,http://www.example.com/myData/presence_AIF_0003_02,InCommission,1861-12-05,1861,1872-08-02,1872.0,Decommissioning,1859-12-14,1861-12-05,InOrdinary,1859-12-14,1872-08-02,10.65845311430527,1,0,0,1,1.9767282683093772,WarriorEra_1860s,NewTech_SteamOrArmoured
http://www.example.com/myData/AWC_0001,HMS Royal Oak,AWC_0001,1859,http://www.example.com/myData/presence_AWC_0001_04,InCommission,1867-12-14,1867,1872-01-09,1872.0,Decommissioning,1859-04-08,1867-12-14,InOrdinary,1859-04-08,1872-01-09,4.071184120465435,1,0,0,1,8.684462696783026,WarriorEra_1860s,NewTech_SteamOrArmoured
http://www.example.com/myData/AWC_0007,HMS Enterprise,AWC_0007,1861,http://www.example.com/myData/presence_AWC_0007_02,InCommission,1864-03-26,1864,1871-08-30,1871.0,Decommissioning,1861-03-21,1864-03-26,InOrdinary,1861-03-21,1871-08-30,7.427789185489391,1,0,0,1,3.0143737166324436,WarriorEra_1860s,NewTech_SteamOrArmoured
http://www.example.com/myData/PF_0002,HMS Firebrand,PF_0002,1841,http://www.example.com/myData/presence_PF_0002_06,InCommission,1849-10-06,1849,1856-08-06,1856.0,Decommissioning,1841-03-18,1849-10-06,InOrdinary,1841-03-18,1856-08-06,6.833675564681725,1,0,0,1,8.553045859000685,Other_Pre_1850,NewTech_SteamOrArmoured
http://www.example.com/myData/PF_0003,HMS Gladiator,PF_0003,1841,http://www.example.com/myData/presence_PF_0003_04,InCommission,1850-01-04,1850,1852-05-16,1852.0,Decommissioning,1841-03-18,1850-01-04,InOrdinary,1841-03-18,1852-05-16,2.3627652292950034,1,0,0,1,8.799452429842573,PreWarrior_1850s,NewTech_SteamOrArmoured
http://www.example.com/myData/PF_0003,HMS Gladiator,PF_0003,1841,http://www.example.com/myData/presence_PF_0003_08,InCommission,1854-04-03,1854,1857-05-22,1857.0,Decommissioning,1841-03-18,1854-04-03,InOrdinary,1841-03-18,1857-05-22,3.134839151266256,1,0,0,1,13.043121149897331,PreWarrior_1850s,NewTech_SteamOrArmoured
http://www.example.com/myData/PF_0003,HMS Gladiator,PF_0003,1841,http://www.example.com/myData/presence_PF_0003_10,InCommission,1859-06-22,1859,1861-10-29,1861.0,Decommissioning,1841-03-18,1859-06-22,InOrdinary,1841-03-18,1861-10-29,2.3545516769336072,1,0,0,1,18.261464750171115,PreWarrior_1850s,NewTech_SteamOrArmoured
http://www.example.com/myData/PF_0003,HMS Gladiator,PF_0003,1841,http://www.example.com/myData/presence_PF_0003_12,InCommission,1864-03-09,1864,1872-02-20,1872.0,Decommissioning,1841-03-18,1864-03-09,InOrdinary,1841-03-18,1872-02-20,7.950718685831622,1,0,0,1,22.976043805612594,WarriorEra_1860s,NewTech_SteamOrArmoured
http://www.example.com/myData/PF_0008,HMS Retribution,PF_0008,1842,http://www.example.com/myData/presence_PF_0008_09,InCommission,1856-08-24,1856,1860-12-22,1860.0,Decommissioning,1842-03-26,1856-08-24,InOrdinary,1842-03-26,1860-12-22,4.328542094455853,1,0,0,1,14.414784394250514,PreWarrior_1850s,NewTech_SteamOrArmoured
http://www.example.com/myData/PGV_0005,HMS Jackal,PGV_0005,1844,http://www.example.com/myData/presence_PGV_0005_02,InCommission,1845-04-07,1845,1848-04-24,1848.0,Decommissioning,1844-01-16,1845-04-07,InOrdinary,1844-01-16,1848-04-24,3.047227926078029,1,0,0,1,1.2238193018480492,Other_Pre_1850,NewTech_SteamOrArmoured
http://www.example.com/myData/PM_0007,HMS Medina,PM_0007,1839,http://www.example.com/myData/presence_PM_0007_02,InCommission,1848-10-19,1848,1856-01-07,1856.0,Recommissioning,1839-03-30,1848-10-19,InNonCombatDuty,1839-03-30,1856-01-07,7.216974674880219,0,1,0,1,9.557837097878165,Other_Pre_1850,NewTech_SteamOrArmoured
http://www.example.com/myData/PM_0017,HMS Vivid,PM_0017,1847,http://www.example.com/myData/presence_PM_0017_01,InCommission,1848-02,1848,1854-05,1854.0,Recommissioning,1847-02-04,1848-02-01,InNonCombatDuty,1847-02-04,1854-05-01,6.245037645448323,0,1,0,1,0.9911019849418207,Other_Pre_1850,NewTech_SteamOrArmoured
http://www.example.com/myData/PM_0025,HMS Helicon,PM_0025,1861,http://www.example.com/myData/presence_PM_0025_02,InCommission,1865-09,1865,1887,1887.0,Refit,1861-05-30,1865-09-01,InOrdinary,1861-05-30,1887-01-01,21.333333333333332,1,0,0,1,4.257357973990418,WarriorEra_1860s,NewTech_SteamOrArmoured
http://www.example.com/myData/PM_0028,HMS Vigilant,PM_0028,1870,http://www.example.com/myData/presence_PM_0028_08,InCommission,1884-08,1884,1886-10-07,1886.0,E8_Acquisition,1870-04-11,1884-08-01,,1870-04-11,1886-10-07,2.1820670773442847,0,0,1,1,14.30800821355236,Other_Post_1880,NewTech_SteamOrArmoured
http://www.example.com/myData/PM_0032,HMS Alberta,PM_0032,1863,http://www.example.com/myData/presence_PM_0032_02,InCommission,1864-08-20,1864,1912,1912.0,E6_Destruction,1863,1864-08-20,,1863-01-01,1912-01-01,47.36208076659822,0,0,1,1,1.6344969199178645,WarriorEra_1860s,NewTech_SteamOrArmoured
http://www.example.com/myData/PM_0061,HMS Wallace,PM_0061,1854,http://www.example.com/myData/presence_PM_0061_01,InCommission,1855-07,1855,1857,1857.0,,1854,1855-07-01,InNonCombatDuty,1854-01-01,1857-01-01,1.5058179329226558,0,1,0,1,1.4948665297741273,PreWarrior_1850s,NewTech_SteamOrArmoured
http://www.example.com/myData/PM_0068,HMS Experiment,PM_0068,1838,http://www.example.com/myData/presence_PM_0068_02,InCommission,1843-04-18,1843,1847,1847.0,E8_Acquisition,1838-07-21,1843-04-18,,1838-07-21,1847-01-01,3.707049965776865,0,0,1,1,4.741957563312799,Other_Pre_1850,NewTech_SteamOrArmoured
http://www.example.com/myData/PM_0072,HMS Mohawk,PM_0072,1841,http://www.example.com/myData/presence_PM_0072_02,InCommission,1843-04-03,1843,1852-06-21,1852.0,E8_Acquisition,1841-01-06,1843-04-03,,1841-01-06,1852-06-21,9.218343600273785,0,0,1,1,2.236824093086927,Other_Pre_1850,NewTech_SteamOrArmoured
http://www.example.com/myData/PSL_0016,HMS Thunderbolt,PSL_0016,1841,http://www.example.com/myData/presence_PSL_0016_02,InCommission,1842-11-28,1842,1847-02-03,1847.0,E6_Destruction,1841-03-18,1842-11-28,,1841-03-18,1847-02-03,4.183436002737851,0,0,1,1,1.6974674880219027,Other_Pre_1850,NewTech_SteamOrArmoured
http://www.example.com/myData/PSPV_0015,HMS Salamander,PSPV_0015,1831,http://www.example.com/myData/presence_PSPV_0015_10,InCommission,1850-07-17,1850,1854-11-23,1854.0,Decommissioning,1831-01-12,1850-07-17,InOrdinary,1831-01-12,1854-11-23,4.353182751540041,1,0,0,1,19.509924709103355,PreWarrior_1850s,NewTech_SteamOrArmoured
http://www.example.com/myData/PSPV_0015,HMS Salamander,PSPV_0015,1831,http://www.example.com/myData/presence_PSPV_0015_19,InCommission,1863-12-08,1863,1867-12,1867.0,Decommissioning,1831-01-12,1863-12-08,InOrdinary,1831-01-12,1867-12-01,3.980835044490075,1,0,0,1,32.903490759753595,WarriorEra_1860s,NewTech_SteamOrArmoured
http://www.example.com/myData/PSPV_0038,HMS Jasper,PSPV_0038,1824,http://www.example.com/myData/presence_PSPV_0038_11,InCommission,1854-04-21,1854,1854-05-15,1854.0,E6_Destruction,1824,1854-04-21,,1824-01-01,1854-05-15,0.06570841889117043,0,0,1,1,30.302532511978097,PreWarrior_1850s,NewTech_SteamOrArmoured
http://www.example.com/myData/PSPV_0044,HMS Otter,PSPV_0044,1827,http://www.example.com/myData/presence_PSPV_0044_09,InCommission,1854-11,1854,1858-04-08,1858.0,Decommissioning,1827,1854-11-01,InOrdinary,1827-01-01,1858-04-08,3.433264887063655,1,0,0,1,27.83299110198494,PreWarrior_1850s,NewTech_SteamOrArmoured
http://www.example.com/myData/PSPV_0052,HMS BEAVER,PSPV_0052,1836,http://www.example.com/myData/presence_PSPV_0052_04,InCommission,1840,1840,1845,1845.0,,1836,1840-01-01,InNonCombatDuty,1836-01-01,1845-01-01,5.002053388090349,0,1,0,1,4.0,Other_Pre_1850,NewTech_SteamOrArmoured
http://www.example.com/myData/PSPV_0054,HMS Myrtle,PSPV_0054,1831,http://www.example.com/myData/presence_PSPV_0054_03,InCommission,1838-06-03,1838,1840-08,1840.0,Decommissioning,1831,1838-06-03,InNonCombatDuty,1831-01-01,1840-08-01,2.16290212183436,0,1,0,1,7.4195756331279945,Other_Pre_1850,NewTech_SteamOrArmoured
http://www.example.com/myData/SBS_0002,HMS Cruizer,SBS_0002,1796,http://www.example.com/myData/presence_SBS_0002_05,InCommission,1803-02,1803,1813-11,1813.0,Decommissioning,1796-12-19,1803-02-01,InOrdinary,1796-12-19,1813-11-01,10.74880219028063,1,0,0,1,6.116358658453114,Other_Pre_1850,Sailing_Other
http://www.example.com/myData/SBS_0006,HMS Calypso,SBS_0006,1803,http://www.example.com/myData/presence_SBS_0006_02,InCommission,1805-08,1805,1816-07-10,1816.0,Decommissioning,1803-10-15,1805-08-01,InOrdinary,1803-10-15,1816-07-10,10.940451745379876,1,0,0,1,1.7960301163586585,Other_Pre_1850,Sailing_Other
http://www.example.com/myData/SBS_0028,HMS Zenobia,SBS_0028,1806,http://www.example.com/myData/presence_SBS_0028_03,InCommission,1807-12,1807,1816-04-08,1816.0,Decommissioning,1806-10-01,1807-12-01,InOrdinary,1806-10-01,1816-04-08,8.353182751540041,1,0,0,1,1.1663244353182751,Other_Pre_1850,Sailing_Other
http://www.example.com/myData/SBS_0033,HMS Castilian,SBS_0033,1808,http://www.example.com/myData/presence_SBS_0033_03,InCommission,1809-10,1809,1815-09-18,1815.0,Decommissioning,1808-08-04,1809-10-01,InOrdinary,1808-08-04,1815-09-18,5.963039014373717,1,0,0,1,1.158110882956879,Other_Pre_1850,Sailing_Other
http://www.example.com/myData/SBS_0040,HMS Echo,SBS_0040,1808,http://www.example.com/myData/presence_SBS_0040_02,InCommission,1809-09,1809,1815,1815.0,Decommissioning,1808-11-21,1809-09-01,InOrdinary,1808-11-21,1815-01-01,5.333333333333333,1,0,0,1,0.7775496235455168,Other_Pre_1850,Sailing_Other
http://www.example.com/myData/SBS_0051,HMS Satellite,SBS_0051,1811,http://www.example.com/myData/presence_SBS_0051_02,InCommission,1812-11,1812,1817,1817.0,Decommissioning,1811-10-05,1812-11-01,InOrdinary,1811-10-05,1817-01-01,4.167008898015058,1,0,0,1,1.0759753593429158,Other_Pre_1850,Sailing_Other
http://www.example.com/myData/SBS_0058,HMS Jaseur,SBS_0058,1812,http://www.example.com/myData/presence_SBS_0058_02,InCommission,1813-04,1813,1816-07,1816.0,Decommissioning,1812-05-06,1813-04-01,InOrdinary,1812-05-06,1816-07-01,3.249828884325804,1,0,0,1,0.9034907597535934,Other_Pre_1850,Sailing_Other
http://www.example.com/myData/SBS_0077,HMS Sheldrake,SBS_0077,1805,http://www.example.com/myData/presence_SBS_0077_02,InCommission,1806-03-21,1806,1815-08-12,1815.0,Decommissioning,1805-08-30,1806-03-21,InOrdinary,1805-08-30,1815-08-12,9.39356605065024,1,0,0,1,0.5557837097878165,Other_Pre_1850,Sailing_Other
http://www.example.com/myData/SBS_0082,HMS Banterer,SBS_0082,1808,http://www.example.com/myData/presence_SBS_0082_02,InCommission,1810-06,1810,1817-03-06,1817.0,E8_Acquisition,1808-09-19,1810-06-01,,1808-09-19,1817-03-06,6.76249144421629,0,0,1,1,1.6974674880219027,Other_Pre_1850,Sailing_Other
http://www.example.com/myData/SBS_0092,HMS Badger,SBS_0092,1807,http://www.example.com/myData/presence_SBS_0092_02,InCommission,1808-09,1808,1816-08,1816.0,Decommissioning,1807-12-31,1808-09-01,InOrdinary,1807-12-31,1816-08-01,7.915126625598905,1,0,0,1,0.6707734428473648,Other_Pre_1850,Sailing_Other
http://www.example.com/myData/SBS_0092,HMS Badger,SBS_0092,1807,http://www.example.com/myData/presence_SBS_0092_07,InCommission,1825-12,1825,1833-09-02,1833.0,Decommissioning,1807-12-31,1825-12-01,,1807-12-31,1833-09-02,7.753593429158111,0,0,1,1,17.919233401779604,Other_Pre_1850,Sailing_Other
http://www.example.com/myData/SBS_0129,HMS Conflict,SBS_0129,1811,http://www.example.com/myData/presence_SBS_0129_06,InCommission,1824-11,1824,1829-04,1829.0,,1811-11-16,1824-11-01,InNonCombatDuty,1811-11-16,1829-04-01,4.413415468856948,0,1,0,1,12.960985626283367,Other_Pre_1850,Sailing_Other
http://www.example.com/myData/SBS_0129,HMS Conflict,SBS_0129,1811,http://www.example.com/myData/presence_SBS_0129_09,InCommission,1830-03,1830,1832-07-05,1832.0,Decommissioning,1811-11-16,1830-03-01,InNonCombatDuty,1811-11-16,1832-07-05,2.346338124572211,0,1,0,1,18.288843258042437,Other_Pre_1850,Sailing_Other
http://www.example.com/myData/SBS_0130,HMS Contest,SBS_0130,1811,http://www.example.com/myData/presence_SBS_0130_02,InCommission,1812-11-25,1812,1815-08-30,1815.0,Decommissioning,1811-11-16,1812-11-25,InOrdinary,1811-11-16,1815-08-30,2.759753593429158,1,0,0,1,1.0266940451745379,Other_Pre_1850,Sailing_Other
http://www.example.com/myData/SBS_0130,HMS Contest,SBS_0130,1811,http://www.example.com/myData/presence_SBS_0130_04,InCommission,1826-03-27,1826,1828-04-14,1828.0,E6_Destruction,1811-11-16,1826-03-27,,1811-11-16,1828-04-14,2.0506502395619437,0,0,1,1,14.360027378507871,Other_Pre_1850,Sailing_Other
http://www.example.com/myData/SBS_0135,HMS Swinger,SBS_0135,1811,http://www.example.com/myData/presence_SBS_0135_05,InCommission,1815-12,1815,1820,1820.0,Decommissioning,1811-11-16,1815-12-01,InOrdinary,1811-11-16,1820-01-01,4.084873374401095,1,0,0,1,4.041067761806982,Other_Pre_1850,Sailing_Other
http://www.example.com/myData/SBS_0151,HMS Eclipse,SBS_0151,1817,http://www.example.com/myData/presence_SBS_0151_03,InCommission,1823-03,1823,1836-12-09,1836.0,Decommissioning,1817-06-13,1823-03-01,InNonCombatDuty,1817-06-13,1836-12-09,13.776865160848734,0,1,0,1,5.713894592744696,Other_Pre_1850,Sailing_Other
http://www.example.com/myData/SBS_0156,HMS Britomart,SBS_0156,1818,http://www.example.com/myData/presence_SBS_0156_07,InCommission,1833-04,1833,1837-08,1837.0,SmallRepair,1818-11-02,1833-04-01,InOrdinary,1818-11-02,1837-08-01,4.334017796030117,1,0,0,1,14.412046543463381,Other_Pre_1850,Sailing_Other
http://www.example.com/myData/SBS_0156,HMS Britomart,SBS_0156,1818,http://www.example.com/myData/presence_SBS_0156_10,InCommission,1838-12,1838,1843-04-25,1843.0,E8_Acquisition,1818-11-02,1838-12-01,,1818-11-02,1843-04-25,4.396988364134154,0,0,1,1,20.079397672826833,Other_Pre_1850,Sailing_Other
http://www.example.com/myData/SBS_0175,HMS Briseis (ii),SBS_0175,1823,http://www.example.com/myData/presence_SBS_0175_02,InCommission,1829-08,1829,1838-01,1838.0,E6_Destruction,1823-03-25,1829-08-01,,1823-03-25,1838-01-01,8.41889117043121,0,0,1,1,6.354551676933607,Other_Pre_1850,Sailing_Other
http://www.example.com/myData/SBS_0200,HMS Curlew,SBS_0200,1824,http://www.example.com/myData/presence_SBS_0200_03,InCommission,1830-03-17,1830,1834-06,1834.0,Decommissioning,1824-12-07,1830-03-17,InOrdinary,1824-12-07,1834-06-01,4.20807665982204,1,0,0,1,5.2731006160164275,Other_Pre_1850,Sailing_Other
http://www.example.com/myData/SBS_0234,HMS Swift,SBS_0234,1834,http://www.example.com/myData/presence_SBS_0234_04,InCommission,1849-05,1849,1860-07,1860.0,ShipConversion,1834-07-29,1849-05-01,InNonCombatDuty,1834-07-29,1860-07-01,11.16769336071184,0,1,0,1,14.757015742642025,Other_Pre_1850,Sailing_Other
http://www.example.com/myData/SBS_0237,HMS Crane,SBS_0237,1837,http://www.example.com/myData/presence_SBS_0237_04,InCommission,1851-01,1851,1855-04-25,1855.0,Decommissioning,1837-02-20,1851-01-01,InOrdinary,1837-02-20,1855-04-25,4.312114989733059,1,0,0,1,13.86173853524983,PreWarrior_1850s,Sailing_Other
http://www.example.com/myData/SBS_0262,HMS Camilla,SBS_0262,1844,http://www.example.com/myData/presence_SBS_0262_03,InCommission,1856-07-08,1856,1860-09-09,1860.0,E6_Destruction,1844-07-08,1856-07-08,,1844-07-08,1860-09-09,4.172484599589322,0,0,1,1,12.0,PreWarrior_1850s,Sailing_Other
http://www.example.com/myData/SBS_0271,HMS Kingfisher,SBS_0271,1843,http://www.example.com/myData/presence_SBS_0271_04,InCommission,1848-10-11,1848,1851-02-26,1851.0,Decommissioning,1843-07-10,1848-10-11,InOrdinary,1843-07-10,1851-02-26,2.3764544832306638,1,0,0,1,5.256673511293634,Other_Pre_1850,Sailing_Other
http://www.example.com/myData/SC6_0028,HMS Termagant,SC6_0028,1795,http://www.example.com/myData/presence_SC6_0028_02,InCommission,1796-04-23,1796,1807-04,1807.0,Decommissioning,1795-01-24,1796-04-23,InOrdinary,1795-01-24,1807-04-01,10.934976043805612,1,0,0,1,1.2457221081451062,Other_Pre_1850,NewTech_SteamOrArmoured
http://www.example.com/myData/SC6_0028,HMS Termagant,SC6_0028,1795,http://www.example.com/myData/presence_SC6_0028_05,InCommission,1808-02,1808,1816-10,1816.0,Decommissioning,1795-01-24,1808-02-01,InOrdinary,1795-01-24,1816-10-01,8.6652977412731,1,0,0,1,13.018480492813142,Other_Pre_1850,NewTech_SteamOrArmoured
http://www.example.com/myData/SC6_0037,HMS Mersey,SC6_0037,1813,http://www.example.com/myData/presence_SC6_0037_06,InCommission,1823-03,1823,1831-07,1831.0,Decommissioning,1813-01-18,1823-03-01,,1813-01-18,1831-07-01,8.334017796030116,0,0,1,1,10.113620807665983,Other_Pre_1850,NewTech_SteamOrArmoured
http://www.example.com/myData/SC6_0042,HMS Towey,SC6_0042,1813,http://www.example.com/myData/presence_SC6_0042_04,InCommission,1814-09,1814,1819-04,1819.0,Decommissioning,1813-01-18,1814-09-01,InOrdinary,1813-01-18,1819-04-01,4.5804243668720055,1,0,0,1,1.6180698151950719,Other_Pre_1850,NewTech_SteamOrArmoured
http://www.example.com/myData/SC6_0055,HMS Alligator,SC6_0055,1819,http://www.example.com/myData/presence_SC6_0055_07,InCommission,1831-09-03,1831,1835-08-27,1835.0,Decommissioning,1819-06-05,1831-09-03,InOrdinary,1819-06-05,1835-08-27,3.980835044490075,1,0,0,1,12.24640657084189,Other_Pre_1850,NewTech_SteamOrArmoured
http://www.example.com/myData/SC6_0055,HMS Alligator,SC6_0055,1819,http://www.example.com/myData/presence_SC6_0055_09,InCommission,1837-07-12,1837,1841-06,1841.0,ShipConversion,1819-06-05,1837-07-12,InNonCombatDuty,1819-06-05,1841-06-01,3.887748117727584,0,1,0,1,18.102669404517453,Other_Pre_1850,NewTech_SteamOrArmoured
http://www.example.com/myData/SC6_0057,HMS Samarang,SC6_0057,1819,http://www.example.com/myData/presence_SC6_0057_01,InCommission,1822-01-01,1822,1822-07,1822.0,Decommissioning,1819-06-05,1822-01-01,InOrdinary,1819-06-05,1822-07-01,0.49555099247091033,1,0,0,1,2.5763175906913074,Other_Pre_1850,NewTech_SteamOrArmoured
http://www.example.com/myData/SC6_0057,HMS Samarang,SC6_0057,1819,http://www.example.com/myData/presence_SC6_0057_10,InCommission,1836-10-25,1836,1841-08,1841.0,Decommissioning,1819-06-05,1836-10-25,InOrdinary,1819-06-05,1841-08-01,4.766598220396989,1,0,0,1,17.39082819986311,Other_Pre_1850,NewTech_SteamOrArmoured
http://www.example.com/myData/SC6_0057,HMS Samarang,SC6_0057,1819,http://www.example.com/myData/presence_SC6_0057_13,InCommission,1841-12,1841,1847-01-18,1847.0,Decommissioning,1819-06-05,1841-12-01,InNonCombatDuty,1819-06-05,1847-01-18,5.130732375085558,0,1,0,1,22.491444216290212,Other_Pre_1850,NewTech_SteamOrArmoured
http://www.example.com/myData/SC6_0064,HMS Conway,SC6_0064,1825,http://www.example.com/myData/presence_SC6_0064_02,InCommission,1832-02-17,1832,1835-10,1835.0,Decommissioning,1825-06-09,1832-02-17,InOrdinary,1825-06-09,1835-10-01,3.619438740588638,1,0,0,1,6.691307323750856,Other_Pre_1850,NewTech_SteamOrArmoured
http://www.example.com/myData/SC6_0102,HMS Satellite,SC6_0102,1853,http://www.example.com/myData/presence_SC6_0102_06,InCommission,1866-10-27,1866,1870-12-01,1870.0,Decommissioning,1853-04-02,1866-10-27,InOrdinary,1853-04-02,1870-12-01,4.095824777549623,1,0,0,1,13.568788501026694,WarriorEra_1860s,NewTech_SteamOrArmoured
http://www.example.com/myData/SC6_0118,HMS Thunder,SC6_0118,1854,http://www.example.com/myData/presence_SC6_0118_02,InCommission,1855-12-09,1855,1856-05-08,1856.0,Decommissioning,1854-10-04,1855-12-09,InOrdinary,1854-10-04,1856-05-08,0.4134154688569473,1,0,0,1,1.1800136892539357,PreWarrior_1850s,NewTech_SteamOrArmoured
http://www.example.com/myData/SCGVG_0028,HMS Intrepid,SCGVG_0028,1855,http://www.example.com/myData/presence_SCGVG_0028_02,InCommission,1855-12-06,1855,1857-09-25,1857.0,Decommissioning,1855-05-15,1855-12-06,InOrdinary,1855-05-15,1857-09-25,1.8042436687200547,1,0,0,1,0.5612594113620808,PreWarrior_1850s,NewTech_SteamOrArmoured
http://www.example.com/myData/SCGVG_0036,HMS Pandora,SCGVG_0036,1859,http://www.example.com/myData/presence_SCGVG_0036_04,InCommission,1868-08-24,1868,1872-07,1872.0,Decommissioning,1859-04-08,1868-08-24,InOrdinary,1859-04-08,1872-07-01,3.8521560574948666,1,0,0,1,9.379876796714578,WarriorEra_1860s,NewTech_SteamOrArmoured
http://www.example.com/myData/SCGVG_0050,HMS Jaseur,SCGVG_0050,1860,http://www.example.com/myData/presence_SCGVG_0050_04,InCommission,1867-08-16,1867,1871-06,1871.0,Decommissioning,1860-03-05,1867-08-16,InOrdinary,1860-03-05,1871-06-01,3.79192334017796,1,0,0,1,7.446954140999315,WarriorEra_1860s,NewTech_SteamOrArmoured
http://www.example.com/myData/SCGVG_0114,HMS Procris,SCGVG_0114,1855,http://www.example.com/myData/presence_SCGVG_0114_01,InCommission,1856-03-31,1856,1856-06-14,1856.0,Decommissioning,1855-07-26,1856-03-31,InOrdinary,1855-07-26,1856-06-14,0.2053388090349076,1,0,0,1,0.6817248459958932,PreWarrior_1850s,NewTech_SteamOrArmoured
http://www.example.com/myData/SCGVG_0115,HMS Shamrock,SCGVG_0115,1855,http://www.example.com/myData/presence_SCGVG_0115_01,InCommission,1856-05,1856,1858-04-01,1858.0,Commissioning,1855-07-26,1856-05-01,InNonCombatDuty,1855-07-26,1858-04-01,1.9164955509924708,0,1,0,1,0.7665982203969883,PreWarrior_1850s,NewTech_SteamOrArmoured
http://www.example.com/myData/SCGVG_0119,HMS Forester,SCGVG_0119,1855,http://www.example.com/myData/presence_SCGVG_0119_02,InCommission,1856-02-20,1856,1863,1863.0,Decommissioning,1855-07-26,1856-02-20,InOrdinary,1855-07-26,1863-01-01,6.863791923340178,1,0,0,1,0.5722108145106092,PreWarrior_1850s,NewTech_SteamOrArmoured
http://www.example.com/myData/SCGVG_0166,HMS Rainbow,SCGVG_0166,1855,http://www.example.com/myData/presence_SCGVG_0166_02,InCommission,1856-04-14,1856,1856-07-19,1856.0,Decommissioning,1855-10-08,1856-04-14,InOrdinary,1855-10-08,1856-07-19,0.26283367556468173,1,0,0,1,0.5174537987679672,PreWarrior_1850s,NewTech_SteamOrArmoured
http://www.example.com/myData/SCGVG_0221,HMS Slaney,SCGVG_0221,1856,http://www.example.com/myData/presence_SCGVG_0221_02,InCommission,1857-03-18,1857,1870-05-09,1870.0,E6_Destruction,1856-09-22,1857-03-18,,1856-09-22,1870-05-09,13.141683778234086,0,0,1,1,0.48459958932238195,PreWarrior_1850s,NewTech_SteamOrArmoured
http://www.example.com/myData/SCM_0026,HMS Emperor,SCM_0026,1856,http://www.example.com/myData/presence_SCM_0026_03,InCommission,1868-10,1868,1869-05,1869.0,,1856-05-24,1868-10-01,InNonCombatDuty,1856-05-24,1869-05-01,0.5804243668720055,0,1,0,1,12.355920602327172,WarriorEra_1860s,NewTech_SteamOrArmoured
http://www.example.com/myData/SCM_0026,HMS Emperor,SCM_0026,1856,http://www.example.com/myData/presence_SCM_0026_06,InCommission,1877,1877,1888,1888.0,E8_Acquisition,1856-05-24,1877-01-01,InNonCombatDuty,1856-05-24,1888-01-01,10.99794661190965,0,1,0,1,20.607802874743328,PurgeEra_1870s,NewTech_SteamOrArmoured
http://www.example.com/myData/SCSL_0004,HMS Niger,SCSL_0004,1845,http://www.example.com/myData/presence_SCSL_0004_04,InCommission,1856-05-14,1856,1861-09-13,1861.0,Decommissioning,1845-02-20,1856-05-14,InOrdinary,1845-02-20,1861-09-13,5.333333333333333,1,0,0,1,11.227926078028748,PreWarrior_1850s,NewTech_SteamOrArmoured
http://www.example.com/myData/SCSL_0004,HMS Niger,SCSL_0004,1845,http://www.example.com/myData/presence_SCSL_0004_06,InCommission,1865-02-03,1865,1868-12-09,1868.0,Decommissioning,1845-02-20,1865-02-03,InOrdinary,1845-02-20,1868-12-09,3.8466803559206024,1,0,0,1,19.953456536618756,WarriorEra_1860s,NewTech_SteamOrArmoured
http://www.example.com/myData/SCSL_0023,HMS Lyra,SCSL_0023,1854,http://www.example.com/myData/presence_SCSL_0023_03,InCommission,1863-12-19,1863,1868-04-21,1868.0,Decommissioning,1854-07-08,1863-12-19,InOrdinary,1854-07-08,1868-04-21,4.339493497604381,1,0,0,1,9.44832306639288,WarriorEra_1860s,NewTech_SteamOrArmoured
http://www.example.com/myData/SCSL_0027,HMS Icarus,SCSL_0027,1855,http://www.example.com/myData/presence_SCSL_0027_04,InCommission,1866-02-26,1866,1871-12-05,1871.0,Decommissioning,1855-02-03,1866-02-26,InOrdinary,1855-02-03,1871-12-05,5.771389459274469,1,0,0,1,11.063655030800822,WarriorEra_1860s,NewTech_SteamOrArmoured
http://www.example.com/myData/SCSL_0030,HMS Cameleon,SCSL_0030,1854,http://www.example.com/myData/presence_SCSL_0030_06,InCommission,1871-05,1871,1875-06-10,1875.0,Decommissioning,1854-04-03,1871-05-01,InOrdinary,1854-04-03,1875-06-10,4.1095140314852845,1,0,0,1,17.075975359342916,PurgeEra_1870s,NewTech_SteamOrArmoured
http://www.example.com/myData/SCS_0003,HMS Surly,SCS_0003,1806,http://www.example.com/myData/presence_SCS_0003_06,InCommission,1830-07-22,1830,1831-06,1831.0,Decommissioning,1806-03-29,1830-07-22,InOrdinary,1806-03-29,1831-06-01,0.8596851471594799,1,0,0,1,24.314852840520192,Other_Pre_1850,NewTech_SteamOrArmoured
http://www.example.com/myData/SCS_0011,HMS Telegraph,SCS_0011,1812,http://www.example.com/myData/presence_SCS_0011_02,InCommission,1813-08-31,1813,1817-01-20,1817.0,E6_Destruction,1812,1813-08-31,,1812-01-01,1817-01-20,3.3894592744695413,0,0,1,1,1.6646132785763177,Other_Pre_1850,NewTech_SteamOrArmoured
http://www.example.com/myData/SCS_0015,HMS Pike,SCS_0015,1813,http://www.example.com/myData/presence_SCS_0015_04,InCommission,1824-08,1824,1831,1831.0,Commissioning,1813,1824-08-01,InNonCombatDuty,1813-01-01,1831-01-01,6.417522245037645,0,1,0,1,11.58110882956879,Other_Pre_1850,NewTech_SteamOrArmoured
http://www.example.com/myData/SCS_0015,HMS Pike,SCS_0015,1813,http://www.example.com/myData/presence_SCS_0015_09,InCommission,1836-01,1836,1836-02-05,1836.0,E6_Destruction,1813,1836-01-01,,1813-01-01,1836-02-05,0.09582477754962354,0,0,1,1,22.99794661190965,Other_Pre_1850,NewTech_SteamOrArmoured
http://www.example.com/myData/SCS_0040,HMS Arrow,SCS_0040,1822,http://www.example.com/myData/presence_SCS_0040_03,InCommission,1826-04-07,1826,1831,1831.0,ShipConversion,1822-05-11,1826-04-07,InNonCombatDuty,1822-05-11,1831-01-01,4.736481861738535,0,1,0,1,3.9069130732375084,Other_Pre_1850,NewTech_SteamOrArmoured
http://www.example.com/myData/SCS_0047,HMS Nimble,SCS_0047,1826,http://www.example.com/myData/presence_SCS_0047_02,InCommission,1826-08-01,1826,1834-12-04,1834.0,E6_Destruction,1826-07-26,1826-08-01,,1826-07-26,1834-12-04,8.342231348391513,0,0,1,1,0.01642710472279261,Other_Pre_1850,NewTech_SteamOrArmoured
http://www.example.com/myData/SCS_0063,HMS Nimble,SCS_0063,1826,http://www.example.com/myData/presence_SCS_0063_02,InCommission,1826-08-01,1826,1834-12-04,1834.0,E6_Destruction,1826-07-26,1826-08-01,,1826-07-26,1834-12-04,8.342231348391513,0,0,1,1,0.01642710472279261,Other_Pre_1850,NewTech_SteamOrArmoured
http://www.example.com/myData/SCS_0077,HMS Fawn (ex-Caroline),SCS_0077,1835,http://www.example.com/myData/presence_SCS_0077_01,InCommission,1839-11-04,1839,1842-12,1842.0,ShipConversion,1835,1839-11-04,InNonCombatDuty,1835-01-01,1842-12-01,3.07460643394935,0,1,0,1,4.8405201916495555,Other_Pre_1850,NewTech_SteamOrArmoured
http://www.example.com/myData/SF5_0018,HMS Hydra,SF5_0018,1795,http://www.example.com/myData/presence_SF5_0018_01,InCommission,1797-04,1797,1801-04,1801.0,Commissioning,1795-04-30,1797-04-01,InNonCombatDuty,1795-04-30,1801-04-01,3.997262149212868,0,1,0,1,1.9219712525667352,Other_Pre_1850,Sailing_FrigateCorvette
http://www.example.com/myData/SF5_0018,HMS Hydra,SF5_0018,1795,http://www.example.com/myData/presence_SF5_0018_05,InCommission,1808-07,1808,1810-09,1810.0,Decommissioning,1795-04-30,1808-07-01,InOrdinary,1795-04-30,1810-09-01,2.1683778234086244,1,0,0,1,13.169062286105408,Other_Pre_1850,Sailing_FrigateCorvette
http://www.example.com/myData/SF5_0019,HMS Amazon,SF5_0019,1796,http://www.example.com/myData/presence_SF5_0019_03,InCommission,1802-08,1802,1811-12,1811.0,Decommissioning,1796-04-27,1802-08-01,InOrdinary,1796-04-27,1811-12-01,9.333333333333334,1,0,0,1,6.2587268993839835,Other_Pre_1850,Sailing_FrigateCorvette
http://www.example.com/myData/SF5_0021,HMS Lavinia,SF5_0021,1797,http://www.example.com/myData/presence_SF5_0021_02,InCommission,1806-07-11,1806,1813-02,1813.0,Decommissioning,1797-02-15,1806-07-11,InOrdinary,1797-02-15,1813-02-01,6.562628336755647,1,0,0,1,9.396303901437372,Other_Pre_1850,Sailing_FrigateCorvette
http://www.example.com/myData/SF5_0026,HMS Forte,SF5_0026,1809,http://www.example.com/myData/presence_SF5_0026_11,InCommission,1833-05,1833,1837-03,1837.0,Decommissioning,1809-09-15,1833-05-01,InOrdinary,1809-09-15,1837-03-01,3.8329911019849416,1,0,0,1,23.6249144421629,Other_Pre_1850,Sailing_FrigateCorvette
http://www.example.com/myData/SF5_0042,HMS Semiramis,SF5_0042,1806,http://www.example.com/myData/presence_SF5_0042_05,InCommission,1817-11,1817,1818-09,1818.0,Decommissioning,1806-03-25,1817-11-01,InOrdinary,1806-03-25,1818-09-01,0.8323066392881588,1,0,0,1,11.605749486652977,Other_Pre_1850,Sailing_FrigateCorvette
http://www.example.com/myData/SF5_0054,HMS Stag,SF5_0054,1810,http://www.example.com/myData/presence_SF5_0054_02,InCommission,1812-11,1812,1814-11,1814.0,Decommissioning,1810-10-17,1812-11-01,InOrdinary,1810-10-17,1814-11-01,1.998631074606434,1,0,0,1,2.0424366872005475,Other_Pre_1850,Sailing_FrigateCorvette
http://www.example.com/myData/SF5_0069,HMS Nymphe,SF5_0069,1810,http://www.example.com/myData/presence_SF5_0069_01,InCommission,1812-05,1812,1815-07,1815.0,MiddlingRepair,1810-12-14,1812-05-01,InOrdinary,1810-12-14,1815-07-01,3.164955509924709,1,0,0,1,1.379876796714579,Other_Pre_1850,Sailing_FrigateCorvette
http://www.example.com/myData/SF5_0072,HMS Hyperion,SF5_0072,1805,http://www.example.com/myData/presence_SF5_0072_03,InCommission,1808-01,1808,1815-08,1815.0,Decommissioning,1805-06-13,1808-01-01,InOrdinary,1805-06-13,1815-08-01,7.581108829568788,1,0,0,1,2.5516769336071183,Other_Pre_1850,Sailing_FrigateCorvette
http://www.example.com/myData/SF5_0072,HMS Hyperion,SF5_0072,1805,http://www.example.com/myData/presence_SF5_0072_07,InCommission,1821-04,1821,1822,1822.0,Decommissioning,1805-06-13,1821-04-01,InOrdinary,1805-06-13,1822-01-01,0.7529089664613279,1,0,0,1,15.800136892539356,Other_Pre_1850,Sailing_FrigateCorvette
http://www.example.com/myData/SF5_0119,HMS Cydnus,SF5_0119,1812,http://www.example.com/myData/presence_SF5_0119_03,InCommission,1813-05-15,1813,1816-02,1816.0,E6_Destruction,1812-11-16,1813-05-15,,1812-11-16,1816-02-01,2.7159479808350446,0,0,1,1,0.4928131416837782,Other_Pre_1850,Sailing_FrigateCorvette
http://www.example.com/myData/SL1_0002,HMS Victory,SL1_0002,1758,http://www.example.com/myData/presence_SL1_0002_10,InCommission,1792-12,1792,1797-11,1797.0,Decommissioning,1758-12-13,1792-12-01,InNonCombatDuty,1758-12-13,1797-11-01,4.917180013689254,0,1,0,1,33.96851471594798,Other_Pre_1850,Sailing_LineOfBattle
http://www.example.com/myData/SL1_0002,HMS Victory,SL1_0002,1758,http://www.example.com/myData/presence_SL1_0002_15,InCommission,1808-01,1808,1812-11,1812.0,Decommissioning,1758-12-13,1808-01-01,InOrdinary,1758-12-13,1812-11-01,4.8350444900752905,1,0,0,1,49.04859685147159,Other_Pre_1850,Sailing_LineOfBattle
http://www.example.com/myData/SL1_0008,HMS Royal Sovereign,SL1_0008,1772,http://www.example.com/myData/presence_SL1_0008_10,InCommission,1807-01,1807,1815-07,1815.0,Decommissioning,1772-02-03,1807-01-01,InOrdinary,1772-02-03,1815-07-01,8.49555099247091,1,0,0,1,34.90759753593429,Other_Pre_1850,Sailing_LineOfBattle
http://www.example.com/myData/SL1_0009,HMS Prince,SL1_0009,1782,http://www.example.com/myData/presence_SL1_0009_04,InCommission,1796-12,1796,1802-05,1802.0,SmallRepair,1782-01-01,1796-12-01,InOrdinary,1782-01-01,1802-05-01,5.409993155373032,1,0,0,1,14.915811088295689,Other_Pre_1850,Sailing_LineOfBattle
http://www.example.com/myData/SL1_0009,HMS Prince,SL1_0009,1782,http://www.example.com/myData/presence_SL1_0009_08,InCommission,1803-04,1803,1806-10,1806.0,Decommissioning,1782-01-01,1803-04-01,InOrdinary,1782-01-01,1806-10-01,3.5017111567419574,1,0,0,1,21.242984257357975,Other_Pre_1850,Sailing_LineOfBattle
http://www.example.com/myData/SL1_0015,HMS Temeraire,SL1_0015,1790,http://www.example.com/myData/presence_SL1_0015_06,InCommission,1806-06,1806,1813-11,1813.0,ShipConversion,1790-12-09,1806-06-01,InOrdinary,1790-12-09,1813-11-01,7.4195756331279945,1,0,0,1,15.474332648870636,Other_Pre_1850,Sailing_LineOfBattle
http://www.example.com/myData/SL1_0016,HMS Ocean,SL1_0016,1797,http://www.example.com/myData/presence_SL1_0016_04,InCommission,1811-01,1811,1814-07,1814.0,Decommissioning,1797-10-01,1811-01-01,InOrdinary,1797-10-01,1814-07-01,3.4962354551676933,1,0,0,1,13.248459958932239,Other_Pre_1850,Sailing_LineOfBattle
http://www.example.com/myData/SL1_0018,HMS Caledonia,SL1_0018,1794,http://www.example.com/myData/presence_SL1_0018_05,InCommission,1815-05,1815,1815-06,1815.0,Decommissioning,1794-11-06,1815-05-01,InOrdinary,1794-11-06,1815-06-01,0.08487337440109514,1,0,0,1,20.479123887748116,Other_Pre_1850,Sailing_LineOfBattle
http://www.example.com/myData/SL1_0041,HMS Marlborough,SL1_0041,1852,http://www.example.com/myData/presence_SL1_0041_02,InCommission,1858-02-01,1858,1864-12-01,1864.0,Decommissioning,1852-10-30,1858-02-01,InNonCombatDuty,1852-10-30,1864-12-01,6.830937713894593,0,1,0,1,5.256673511293634,PreWarrior_1850s,Sailing_LineOfBattle
http://www.example.com/myData/SL2_0004,HMS Sans Pareil,SL2_0004,1790,http://www.example.com/myData/presence_SL2_0004_04,InCommission,1798-08,1798,1802-09,1802.0,Decommissioning,1790-10,1798-08-01,InOrdinary,1790-10-01,1802-09-01,4.082135523613963,1,0,0,1,7.832991101984942,Other_Pre_1850,Sailing_LineOfBattle
http://www.example.com/myData/SL2_0005,HMS Canopus,SL2_0005,1794,http://www.example.com/myData/presence_SL2_0005_02,InCommission,1798-12,1798,1799-08,1799.0,Decommissioning,1794-11,1798-12-01,InOrdinary,1794-11-01,1799-08-01,0.6652977412731006,1,0,0,1,4.082135523613963,Other_Pre_1850,Sailing_LineOfBattle
http://www.example.com/myData/SL2_0005,HMS Canopus,SL2_0005,1794,http://www.example.com/myData/presence_SL2_0005_07,InCommission,1806-06,1806,1812-02,1812.0,Decommissioning,1794-11,1806-06-01,InOrdinary,1794-11-01,1812-02-01,5.670088980150582,1,0,0,1,11.578370978781656,Other_Pre_1850,Sailing_LineOfBattle
http://www.example.com/myData/SL2_0005,HMS Canopus,SL2_0005,1794,http://www.example.com/myData/presence_SL2_0005_16,InCommission,1845-03-01,1845,1848-05,1848.0,Decommissioning,1794-11,1845-03-01,InOrdinary,1794-11-01,1848-05-01,3.167693360711841,1,0,0,1,50.327173169062284,Other_Pre_1850,Sailing_LineOfBattle
http://www.example.com/myData/SL2_0012,HMS Cambridge,SL2_0012,1810,http://www.example.com/myData/presence_SL2_0012_02,InCommission,1823-06-23,1823,1827-10,1827.0,MiddlingRepair,1810-07-16,1823-06-23,InOrdinary,1810-07-16,1827-10-01,4.27378507871321,1,0,0,1,12.936344969199178,Other_Pre_1850,Sailing_LineOfBattle
http://www.example.com/myData/SL2_0012,HMS Cambridge,SL2_0012,1810,http://www.example.com/myData/presence_SL2_0012_06,InCommission,1840-01-31,1840,1843-01-26,1843.0,Decommissioning,1810-07-16,1840-01-31,InOrdinary,1810-07-16,1843-01-26,2.9869952087611225,1,0,0,1,29.544147843942504,Other_Pre_1850,Sailing_LineOfBattle
http://www.example.com/myData/SL2_0014,HMS Ganges,SL2_0014,1816,http://www.example.com/myData/presence_SL2_0014_06,InCommission,1838-10-17,1838,1842-04-18,1842.0,Decommissioning,1816-06-04,1838-10-17,InOrdinary,1816-06-04,1842-04-18,3.5017111567419574,1,0,0,1,22.368240930869266,Other_Pre_1850,Sailing_LineOfBattle
http://www.example.com/myData/SL2_0014,HMS Ganges,SL2_0014,1816,http://www.example.com/myData/presence_SL2_0014_09,InCommission,1857-06-25,1857,1865-05,1865.0,ShipConversion,1816-06-04,1857-06-25,InNonCombatDuty,1816-06-04,1865-05-01,7.8494182067077345,0,1,0,1,41.05681040383299,PreWarrior_1850s,Sailing_LineOfBattle
http://www.example.com/myData/SL2_0055,HMS Irresistible,SL2_0055,1855,http://www.example.com/myData/presence_SL2_0055_05,InCommission,1868-06-05,1868,1868-09-30,1868.0,Decommissioning,1855-05-01,1868-06-05,,1855-05-01,1868-09-30,0.3203285420944558,0,0,1,1,13.097878165639973,WarriorEra_1860s,Sailing_LineOfBattle
http://www.example.com/myData/SL2_0077,HMS Bombay,SL2_0077,1860,http://www.example.com/myData/presence_SL2_0077_03,InCommission,1864-03-25,1864,1864-12-14,1864.0,E6_Destruction,1860-05-23,1864-03-25,,1860-05-23,1864-12-14,0.7227926078028748,0,0,1,1,3.838466803559206,WarriorEra_1860s,Sailing_LineOfBattle
http://www.example.com/myData/SL3_0002,HMS Triumph,SL3_0002,1757,http://www.example.com/myData/presence_SL3_0002_03,InCommission,1771-03,1771,1771-12,1771.0,Fitting,1757-05-21,1771-03-01,InNonCombatDuty,1757-05-21,1771-12-01,0.7529089664613279,0,1,0,1,13.776865160848734,Other_Pre_1850,Sailing_LineOfBattle
http://www.example.com/myData/SL3_0002,HMS Triumph,SL3_0002,1757,http://www.example.com/myData/presence_SL3_0002_18,InCommission,1805-03,1805,1812,1812.0,Decommissioning,1757-05-21,1805-03-01,InOrdinary,1757-05-21,1812-01-01,6.836413415468857,1,0,0,1,47.775496235455165,Other_Pre_1850,Sailing_LineOfBattle
http://www.example.com/myData/SL3_0025,HMS Saturn,SL3_0025,1781,http://www.example.com/myData/presence_SL3_0025_11,InCommission,1805-07,1805,1812,1812.0,Decommissioning,1781-12-27,1805-07-01,InOrdinary,1781-12-27,1812-01-01,6.50239561943874,1,0,0,1,23.50718685831622,Other_Pre_1850,Sailing_LineOfBattle
http://www.example.com/myData/SL3_0025,HMS Saturn,SL3_0025,1781,http://www.example.com/myData/presence_SL3_0025_14,InCommission,1813-08,1813,1815-04,1815.0,Decommissioning,1781-12-27,1813-08-01,InOrdinary,1781-12-27,1815-04-01,1.6646132785763177,1,0,0,1,31.592060232717316,Other_Pre_1850,Sailing_LineOfBattle
http://www.example.com/myData/SL3_0027,HMS Bellerophon,SL3_0027,1782,http://www.example.com/myData/presence_SL3_0027_14,InCommission,1805-12,1805,1815-12,1815.0,ShipConversion,1782-01-11,1805-12-01,InNonCombatDuty,1782-01-11,1815-12-01,9.998631074606434,0,1,0,1,23.88501026694045,Other_Pre_1850,Sailing_LineOfBattle
http://www.example.com/myData/SL3_0040,HMS Northumberland,SL3_0040,1795,http://www.example.com/myData/presence_SL3_0040_02,InCommission,1798-03-15,1798,1813,1813.0,Decommissioning,1795-04-30,1798-03-15,InOrdinary,1795-04-30,1813-01-01,14.798083504449007,1,0,0,1,2.8747433264887063,Other_Pre_1850,Sailing_LineOfBattle
http://www.example.com/myData/SL3_0040,HMS Northumberland,SL3_0040,1795,http://www.example.com/myData/presence_SL3_0040_08,InCommission,1815-07,1815,1818,1818.0,,1795-04-30,1815-07-01,InNonCombatDuty,1795-04-30,1818-01-01,2.5051334702258727,0,1,0,1,20.16700889801506,Other_Pre_1850,Sailing_LineOfBattle
http://www.example.com/myData/SL3_0040,HMS Northumberland,SL3_0040,1795,http://www.example.com/myData/presence_SL3_0040_15,InCommission,1822-04,1822,1826-09,1826.0,ShipConversion,1795-04-30,1822-04-01,InNonCombatDuty,1795-04-30,1826-09-01,4.418891170431212,0,1,0,1,26.91854893908282,Other_Pre_1850,Sailing_LineOfBattle
http://www.example.com/myData/SL3_0051,HMS Albion,SL3_0051,1800,http://www.example.com/myData/presence_SL3_0051_03,InCommission,1810-12,1810,1816-06,1816.0,ShipConversion,1800-02-04,1810-12-01,InNonCombatDuty,1800-02-04,1816-06-01,5.500342231348392,0,1,0,1,10.819986310746064,Other_Pre_1850,Sailing_LineOfBattle
http://www.example.com/myData/SL3_0051,HMS Albion,SL3_0051,1800,http://www.example.com/myData/presence_SL3_0051_06,InCommission,1825-07,1825,1829,1829.0,Decommissioning,1800-02-04,1825-07-01,InOrdinary,1800-02-04,1829-01-01,3.5044490075290895,1,0,0,1,25.401779603011637,Other_Pre_1850,Sailing_LineOfBattle
http://www.example.com/myData/SL3_0056,HMS Aboukir,SL3_0056,1804,http://www.example.com/myData/presence_SL3_0056_01,InCommission,1808-07-07,1808,1817,1817.0,Decommissioning,1804-06,1808-07-07,InOrdinary,1804-06-01,1817-01-01,8.487337440109513,1,0,0,1,4.098562628336755,Other_Pre_1850,Sailing_LineOfBattle
http://www.example.com/myData/SL3_0072,HMS Cressy,SL3_0072,1806,http://www.example.com/myData/presence_SL3_0072_05,InCommission,1813-09,1813,1814-05,1814.0,Decommissioning,1806-10-01,1813-09-01,InOrdinary,1806-10-01,1814-05-01,0.6625598904859685,1,0,0,1,6.91854893908282,Other_Pre_1850,Sailing_LineOfBattle
http://www.example.com/myData/SL3_0089,HMS Duncan,SL3_0089,1807,http://www.example.com/myData/presence_SL3_0089_02,InCommission,1812-02,1812,1815-06,1815.0,Decommissioning,1807-07-13,1812-02-01,InOrdinary,1807-07-13,1815-06-01,3.3292265571526354,1,0,0,1,4.555783709787817,Other_Pre_1850,Sailing_LineOfBattle
http://www.example.com/myData/SL3_0101,HMS Devonshire,SL3_0101,1808,http://www.example.com/myData/presence_SL3_0101_02,InCommission,1813-06,1813,1814-05,1814.0,Decommissioning,1808-05-30,1813-06-01,InOrdinary,1808-05-30,1814-05-01,0.9144421629021219,1,0,0,1,5.004791238877481,Other_Pre_1850,Sailing_LineOfBattle
http://www.example.com/myData/SL3_0107,HMS Wellington,SL3_0107,1812,http://www.example.com/myData/presence_SL3_0107_04,InCommission,1848-03-01,1848,1848-06,1848.0,ShipConversion,1812-01-06,1848-03-01,InNonCombatDuty,1812-01-06,1848-06-01,0.2518822724161533,0,1,0,1,36.15058179329227,Other_Pre_1850,Sailing_LineOfBattle
http://www.example.com/myData/SL3_0140,HMS Lancaster,SL3_0140,1797,http://www.example.com/myData/presence_SL3_0140_05,InCommission,1799-04,1799,1807-08,1807.0,ShipConversion,1797-01-29,1799-04-01,InOrdinary,1797-01-29,1807-08-01,8.331279945242985,1,0,0,1,2.1683778234086244,Other_Pre_1850,Sailing_LineOfBattle
http://www.example.com/myData/SL3_0150,HMS Hastings,SL3_0150,1819,http://www.example.com/myData/presence_SL3_0150_05,InCommission,1834-04-07,1834,1838-01,1838.0,Fitting,1819-06-22,1834-04-07,InNonCombatDuty,1819-06-22,1838-01-01,3.7371663244353184,0,1,0,1,14.792607802874743,Other_Pre_1850,Sailing_LineOfBattle
http://www.example.com/myData/SL3_0150,HMS Hastings,SL3_0150,1819,http://www.example.com/myData/presence_SL3_0150_10,InCommission,1839-06-04,1839,1842-02-03,1842.0,Decommissioning,1819-06-22,1839-06-04,InOrdinary,1819-06-22,1842-02-03,2.6694045174537986,1,0,0,1,19.95071868583162,Other_Pre_1850,Sailing_LineOfBattle
http://www.example.com/myData/SL4_0006,HMS Glatton,SL4_0006,1795,http://www.example.com/myData/presence_SL4_0006_07,InCommission,1806-03,1806,1809-10,1809.0,Decommissioning,1795-05-15,1806-03-01,InOrdinary,1795-05-15,1809-10-01,3.586584531143053,1,0,0,1,10.792607802874743,Other_Pre_1850,Sailing_LineOfBattle
http://www.example.com/myData/SL4_0059,HMS Hogue,SL4_0059,1845,http://www.example.com/myData/presence_SL4_0059_02,InCommission,1856-05-24,1856,1858-03,1858.0,Fitting,1845-12-01,1856-05-24,InNonCombatDuty,1845-12-01,1858-03-01,1.7686516084873374,0,1,0,1,10.477754962354553,PreWarrior_1850s,Sailing_LineOfBattle
http://www.example.com/myData/SL4_0071,HMS Liverpool,SL4_0071,1855,http://www.example.com/myData/presence_SL4_0071_04,InCommission,1869-05-08,1869,1870-12-02,1870.0,Decommissioning,1855-03-31,1869-05-08,InOrdinary,1855-03-31,1870-12-02,1.568788501026694,1,0,0,1,14.105407255304586,WarriorEra_1860s,Sailing_LineOfBattle
http://www.example.com/myData/SM_0002,HMS Terror,SM_0002,1812,http://www.example.com/myData/presence_SM_0002_02,InCommission,1813-10-07,1813,1815-08,1815.0,Decommissioning,1812-03-30,1813-10-07,InOrdinary,1812-03-30,1815-08-01,1.8151950718685832,1,0,0,1,1.5222450376454484,Other_Pre_1850,Sailing_Other
http://www.example.com/myData/SM_0033,HMS Royal Charlotte,SM_0033,1750,http://www.example.com/myData/presence_SM_0033_02,InCommission,1801-05,1801,1820-07,1820.0,E6_Destruction,1750-01-29,1801-05-01,,1750-01-29,1820-07-01,19.16769336071184,0,0,1,1,51.2498288843258,Other_Pre_1850,Sailing_Other
http://www.example.com/myData/SM_0043,Navy Board yacht (formerly Hart),SM_0043,1821,http://www.example.com/myData/presence_SM_0043_01,InCommission,1822-07-30,1822,1825-06,1825.0,ShipConversion,1821-01,1822-07-30,InNonCombatDuty,1821-01-01,1825-06-01,2.839151266255989,0,1,0,1,1.5742642026009583,Other_Pre_1850,Sailing_Other
http://www.example.com/myData/SSL_0004,HMS Bonne Citoyenne,SSL_0004,1793,http://www.example.com/myData/presence_SSL_0004_05,InCommission,1808-03,1808,1815-01,1815.0,Decommissioning,1793-07,1808-03-01,InOrdinary,1793-07-01,1815-01-01,6.836413415468857,1,0,0,1,14.663928815879535,Other_Pre_1850,Sailing_Other
http://www.example.com/myData/SSL_0006,HMS Driver,SSL_0006,1796,http://www.example.com/myData/presence_SSL_0006_01,InCommission,1797-02,1797,1799-01-27,1799.0,DefectsRepair,1796-01-18,1797-02-01,InOrdinary,1796-01-18,1799-01-27,1.9849418206707734,1,0,0,1,1.0403832991101984,Other_Pre_1850,Sailing_Other
http://www.example.com/myData/SSL_0006,HMS Driver,SSL_0006,1796,http://www.example.com/myData/presence_SSL_0006_06,InCommission,1803-02,1803,1810-12,1810.0,Decommissioning,1796-01-18,1803-02-01,InOrdinary,1796-01-18,1810-12-01,7.83025325119781,1,0,0,1,7.036276522929501,Other_Pre_1850,Sailing_Other
http://www.example.com/myData/SSL_0008,HMS Martin,SSL_0008,1806,http://www.example.com/myData/presence_SSL_0008_01,InCommission,1809,1809,1817-12-08,1817.0,E6_Destruction,1806-04-26,1809-01-01,,1806-04-26,1817-12-08,8.933607118412047,0,0,1,1,2.6858316221765914,Other_Pre_1850,Sailing_Other
http://www.example.com/myData/SSL_0009,HMS Morgiana,SSL_0009,1808,http://www.example.com/myData/presence_SSL_0009_01,InCommission,1811-08-02,1811,1818-11,1818.0,Decommissioning,1808-12-29,1811-08-02,InOrdinary,1808-12-29,1818-11-01,7.2498288843258045,1,0,0,1,2.5900068446269677,Other_Pre_1850,Sailing_Other
http://www.example.com/myData/SSL_0009,HMS Morgiana,SSL_0009,1808,http://www.example.com/myData/presence_SSL_0009_04,InCommission,1818-12-17,1818,1823,1823.0,Decommissioning,1808-12-29,1818-12-17,InOrdinary,1808-12-29,1823-01-01,4.041067761806982,1,0,0,1,9.96577686516085,Other_Pre_1850,Sailing_Other
http://www.example.com/myData/SSL_0032,HMS Hind,SSL_0032,1812,http://www.example.com/myData/presence_SSL_0032_06,InCommission,1825-08,1825,1829-04-06,1829.0,E8_Acquisition,1812-11-18,1825-08-01,,1812-11-18,1829-04-06,3.679671457905544,0,0,1,1,12.700889801505818,Other_Pre_1850,Sailing_Other
http://www.example.com/myData/SSL_0049,HMS Satellite,SSL_0049,1825,http://www.example.com/myData/presence_SSL_0049_09,InCommission,1841-08,1841,1847-11,1847.0,Decommissioning,1825-06-09,1841-08-01,InOrdinary,1825-06-09,1847-11-01,6.250513347022587,1,0,0,1,16.145106091718002,Other_Pre_1850,Sailing_Other
